-- MySQL dump 10.11
--
-- Host: localhost    Database: ssm
-- ------------------------------------------------------
-- Server version	5.0.67-community-log

/*!40101 SET @OLD_CHARACTER_SET_CLIENT=@@CHARACTER_SET_CLIENT */;
/*!40101 SET @OLD_CHARACTER_SET_RESULTS=@@CHARACTER_SET_RESULTS */;
/*!40101 SET @OLD_COLLATION_CONNECTION=@@COLLATION_CONNECTION */;
/*!40101 SET NAMES utf8 */;
/*!40103 SET @OLD_TIME_ZONE=@@TIME_ZONE */;
/*!40103 SET TIME_ZONE='+00:00' */;
/*!40014 SET @OLD_UNIQUE_CHECKS=@@UNIQUE_CHECKS, UNIQUE_CHECKS=0 */;
/*!40014 SET @OLD_FOREIGN_KEY_CHECKS=@@FOREIGN_KEY_CHECKS, FOREIGN_KEY_CHECKS=0 */;
/*!40101 SET @OLD_SQL_MODE=@@SQL_MODE, SQL_MODE='NO_AUTO_VALUE_ON_ZERO' */;
/*!40111 SET @OLD_SQL_NOTES=@@SQL_NOTES, SQL_NOTES=0 */;

--
-- Table structure for table `t_sys_dictionary`
--

DROP TABLE IF EXISTS `t_sys_dictionary`;
SET @saved_cs_client     = @@character_set_client;
SET character_set_client = utf8;
CREATE TABLE `t_sys_dictionary` (
  `id` int(10) NOT NULL auto_increment,
  `dicKey` varchar(50) NOT NULL default '' COMMENT '键',
  `name` varchar(50) NOT NULL default '' COMMENT '名称',
  `value` varchar(50) NOT NULL default '' COMMENT '值',
  `status` varchar(50) NOT NULL default '启用' COMMENT '启用/禁用  默认''启用''',
  `remark` varchar(50) NOT NULL default '' COMMENT '描述',
  PRIMARY KEY  (`id`)
) ENGINE=InnoDB AUTO_INCREMENT=4 DEFAULT CHARSET=utf8 COMMENT='字典表';
SET character_set_client = @saved_cs_client;

--
-- Dumping data for table `t_sys_dictionary`
--

LOCK TABLES `t_sys_dictionary` WRITE;
/*!40000 ALTER TABLE `t_sys_dictionary` DISABLE KEYS */;
INSERT INTO `t_sys_dictionary` VALUES (1,'TIME_FORMAT','时间格式','yyyy-MM-dd HH:mm:ss','启用','一般的事件格式'),(2,'DATE_FORMAT','日期格式','yyyy-MM-dd','启用','通用的日期格式'),(3,'dds','额外we','dddddddd','启用','dsd');
/*!40000 ALTER TABLE `t_sys_dictionary` ENABLE KEYS */;
UNLOCK TABLES;

--
-- Table structure for table `t_sys_event`
--

DROP TABLE IF EXISTS `t_sys_event`;
SET @saved_cs_client     = @@character_set_client;
SET character_set_client = utf8;
CREATE TABLE `t_sys_event` (
  `id` bigint(20) NOT NULL auto_increment COMMENT '事件ID',
  `userId` varchar(8) default NULL COMMENT '用户ID',
  `userName` varchar(100) default NULL COMMENT '用户名',
  `description` varchar(100) default NULL COMMENT '事件描述',
  `activeTime` varchar(50) default NULL COMMENT '活动时间',
  `requestPath` varchar(200) default NULL COMMENT '请求路径',
  `methodName` varchar(50) default NULL COMMENT '请求方法名',
  `costTime` int(10) default NULL COMMENT '耗时',
  PRIMARY KEY  (`id`)
) ENGINE=InnoDB DEFAULT CHARSET=utf8 COMMENT='操作员事件表';
SET character_set_client = @saved_cs_client;

--
-- Dumping data for table `t_sys_event`
--

LOCK TABLES `t_sys_event` WRITE;
/*!40000 ALTER TABLE `t_sys_event` DISABLE KEYS */;
/*!40000 ALTER TABLE `t_sys_event` ENABLE KEYS */;
UNLOCK TABLES;

--
-- Table structure for table `t_sys_exceptions`
--

DROP TABLE IF EXISTS `t_sys_exceptions`;
SET @saved_cs_client     = @@character_set_client;
SET character_set_client = utf8;
CREATE TABLE `t_sys_exceptions` (
  `id` int(10) NOT NULL auto_increment,
  `className` text NOT NULL COMMENT '类名',
  `methodName` text NOT NULL COMMENT '方法',
  `description` longtext NOT NULL COMMENT '异常信息',
  `activeTime` varchar(50) NOT NULL default '' COMMENT '激活时间',
  PRIMARY KEY  (`id`)
) ENGINE=InnoDB AUTO_INCREMENT=29 DEFAULT CHARSET=utf8 COMMENT='系统异常信息表';
SET character_set_client = @saved_cs_client;

--
-- Dumping data for table `t_sys_exceptions`
--

LOCK TABLES `t_sys_exceptions` WRITE;
/*!40000 ALTER TABLE `t_sys_exceptions` DISABLE KEYS */;
INSERT INTO `t_sys_exceptions` VALUES (1,'com.tandaly.system.admin.userService','addUser','nullException','2013-07-01 10:10:10'),(7,'java.lang.Thread','run','java.lang.NullPointerException\nat [java.lang.Thread,Thread.java,run,619]\nat [org.apache.tomcat.util.net.JIoEndpoint$Worker,JIoEndpoint.java,run,447]\nat [org.apache.coyote.http11.Http11Protocol$Http11ConnectionHandler,Http11Protocol.java,process,583]\nat [org.apache.coyote.http11.Http11Processor,Http11Processor.java,process,844]\nat [org.apache.catalina.connector.CoyoteAdapter,CoyoteAdapter.java,service,286]\nat [org.apache.catalina.core.StandardEngineValve,StandardEngineValve.java,invoke,109]\nat [org.apache.catalina.valves.ErrorReportValve,ErrorReportValve.java,invoke,102]\nat [org.apache.catalina.core.StandardHostValve,StandardHostValve.java,invoke,128]\nat [org.apache.catalina.core.StandardContextValve,StandardContextValve.java,invoke,175]\nat [org.apache.catalina.core.StandardWrapperValve,StandardWrapperValve.java,invoke,233]\nat [org.apache.catalina.core.ApplicationFilterChain,ApplicationFilterChain.java,doFilter,206]\nat [org.apache.catalina.core.ApplicationFilterChain,ApplicationFilterChain.java,internalDoFilter,235]\nat [org.springframework.web.filter.OncePerRequestFilter,OncePerRequestFilter.java,doFilter,107]\nat [org.springframework.web.filter.CharacterEncodingFilter,CharacterEncodingFilter.java,doFilterInternal,88]\nat [org.apache.catalina.core.ApplicationFilterChain,ApplicationFilterChain.java,doFilter,206]\nat [org.apache.catalina.core.ApplicationFilterChain,ApplicationFilterChain.java,internalDoFilter,235]\nat [com.tandaly.core.web.filter.RequestFilter,RequestFilter.java,doFilter,71]\nat [org.apache.catalina.core.ApplicationFilterChain,ApplicationFilterChain.java,doFilter,206]\nat [org.apache.catalina.core.ApplicationFilterChain,ApplicationFilterChain.java,internalDoFilter,290]\nat [javax.servlet.http.HttpServlet,HttpServlet.java,service,803]\nat [org.springframework.web.servlet.FrameworkServlet,FrameworkServlet.java,service,801]\nat [javax.servlet.http.HttpServlet,HttpServlet.java,service,690]\nat [org.springframework.web.servlet.FrameworkServlet,FrameworkServlet.java,doGet,816]\nat [org.springframework.web.servlet.FrameworkServlet,FrameworkServlet.java,processRequest,920]\nat [org.springframework.web.servlet.DispatcherServlet,DispatcherServlet.java,doService,856]\nat [org.springframework.web.servlet.DispatcherServlet,DispatcherServlet.java,doDispatch,925]\nat [org.springframework.web.servlet.mvc.method.AbstractHandlerMethodAdapter,AbstractHandlerMethodAdapter.java,handle,80]\nat [org.springframework.web.servlet.mvc.method.annotation.RequestMappingHandlerAdapter,RequestMappingHandlerAdapter.java,handleInternal,686]\nat [org.springframework.web.servlet.mvc.method.annotation.RequestMappingHandlerAdapter,RequestMappingHandlerAdapter.java,invokeHandleMethod,745]\nat [org.springframework.web.servlet.mvc.method.annotation.ServletInvocableHandlerMethod,ServletInvocableHandlerMethod.java,invokeAndHandle,104]\nat [org.springframework.web.method.support.InvocableHandlerMethod,InvocableHandlerMethod.java,invokeForRequest,132]\nat [org.springframework.web.method.support.InvocableHandlerMethod,InvocableHandlerMethod.java,invoke,219]\nat [java.lang.reflect.Method,Method.java,invoke,597]\nat [sun.reflect.DelegatingMethodAccessorImpl,DelegatingMethodAccessorImpl.java,invoke,25]\nat [sun.reflect.NativeMethodAccessorImpl,NativeMethodAccessorImpl.java,invoke,39]\nat [sun.reflect.NativeMethodAccessorImpl,NativeMethodAccessorImpl.java,invoke0,-2]\nat [com.tandaly.system.admin.actions.ServerInfoController,ServerInfoController.java,serverChart,53]\n','2013-07-02 08:57:56'),(8,'com.tandaly.system.admin.actions.ServerInfoController','serverChart','java.lang.NullPointerException\nat [java.lang.Thread,Thread.java,run,619]\nat [org.apache.tomcat.util.net.JIoEndpoint$Worker,JIoEndpoint.java,run,447]\nat [org.apache.coyote.http11.Http11Protocol$Http11ConnectionHandler,Http11Protocol.java,process,583]\nat [org.apache.coyote.http11.Http11Processor,Http11Processor.java,process,844]\nat [org.apache.catalina.connector.CoyoteAdapter,CoyoteAdapter.java,service,286]\nat [org.apache.catalina.core.StandardEngineValve,StandardEngineValve.java,invoke,109]\nat [org.apache.catalina.valves.ErrorReportValve,ErrorReportValve.java,invoke,102]\nat [org.apache.catalina.core.StandardHostValve,StandardHostValve.java,invoke,128]\nat [org.apache.catalina.core.StandardContextValve,StandardContextValve.java,invoke,175]\nat [org.apache.catalina.core.StandardWrapperValve,StandardWrapperValve.java,invoke,233]\nat [org.apache.catalina.core.ApplicationFilterChain,ApplicationFilterChain.java,doFilter,206]\nat [org.apache.catalina.core.ApplicationFilterChain,ApplicationFilterChain.java,internalDoFilter,235]\nat [org.springframework.web.filter.OncePerRequestFilter,OncePerRequestFilter.java,doFilter,107]\nat [org.springframework.web.filter.CharacterEncodingFilter,CharacterEncodingFilter.java,doFilterInternal,88]\nat [org.apache.catalina.core.ApplicationFilterChain,ApplicationFilterChain.java,doFilter,206]\nat [org.apache.catalina.core.ApplicationFilterChain,ApplicationFilterChain.java,internalDoFilter,235]\nat [com.tandaly.core.web.filter.RequestFilter,RequestFilter.java,doFilter,71]\nat [org.apache.catalina.core.ApplicationFilterChain,ApplicationFilterChain.java,doFilter,206]\nat [org.apache.catalina.core.ApplicationFilterChain,ApplicationFilterChain.java,internalDoFilter,290]\nat [javax.servlet.http.HttpServlet,HttpServlet.java,service,803]\nat [org.springframework.web.servlet.FrameworkServlet,FrameworkServlet.java,service,801]\nat [javax.servlet.http.HttpServlet,HttpServlet.java,service,690]\nat [org.springframework.web.servlet.FrameworkServlet,FrameworkServlet.java,doGet,816]\nat [org.springframework.web.servlet.FrameworkServlet,FrameworkServlet.java,processRequest,920]\nat [org.springframework.web.servlet.DispatcherServlet,DispatcherServlet.java,doService,856]\nat [org.springframework.web.servlet.DispatcherServlet,DispatcherServlet.java,doDispatch,925]\nat [org.springframework.web.servlet.mvc.method.AbstractHandlerMethodAdapter,AbstractHandlerMethodAdapter.java,handle,80]\nat [org.springframework.web.servlet.mvc.method.annotation.RequestMappingHandlerAdapter,RequestMappingHandlerAdapter.java,handleInternal,686]\nat [org.springframework.web.servlet.mvc.method.annotation.RequestMappingHandlerAdapter,RequestMappingHandlerAdapter.java,invokeHandleMethod,745]\nat [org.springframework.web.servlet.mvc.method.annotation.ServletInvocableHandlerMethod,ServletInvocableHandlerMethod.java,invokeAndHandle,104]\nat [org.springframework.web.method.support.InvocableHandlerMethod,InvocableHandlerMethod.java,invokeForRequest,132]\nat [org.springframework.web.method.support.InvocableHandlerMethod,InvocableHandlerMethod.java,invoke,219]\nat [java.lang.reflect.Method,Method.java,invoke,597]\nat [sun.reflect.DelegatingMethodAccessorImpl,DelegatingMethodAccessorImpl.java,invoke,25]\nat [sun.reflect.NativeMethodAccessorImpl,NativeMethodAccessorImpl.java,invoke,39]\nat [sun.reflect.NativeMethodAccessorImpl,NativeMethodAccessorImpl.java,invoke0,-2]\nat [com.tandaly.system.admin.actions.ServerInfoController,ServerInfoController.java,serverChart,53]\n','2013-07-02 09:00:35'),(9,'org.springframework.jdbc.support.SQLErrorCodeSQLExceptionTranslator','doTranslate','org.springframework.jdbc.BadSqlGrammarException: \r\n### Error updating database.  Cause: com.mysql.jdbc.exceptions.jdbc4.MySQLSyntaxErrorException: You have an error in your SQL syntax; check the manual that corresponds to your MySQL server version for the right syntax to use near \'key,\n			value,\n			remark ) \n		VALUES\n		 ( null,\n			\'sdf\',\n			\'sd\',\n			\'gd\',\n			\'\' at line 4\r\n### The error may involve com.tandaly.system.admin.dao.DictionaryDao.insert-Inline\r\n### The error occurred while setting parameters\r\n### SQL: INSERT INTO t_sys_dictionary    ( id,    name,    key,    value,    remark )    VALUES    ( ?,    ?,    ?,    ?,    ? )\r\n### Cause: com.mysql.jdbc.exceptions.jdbc4.MySQLSyntaxErrorException: You have an error in your SQL syntax; check the manual that corresponds to your MySQL server version for the right syntax to use near \'key,\n			value,\n			remark ) \n		VALUES\n		 ( null,\n			\'sdf\',\n			\'sd\',\n			\'gd\',\n			\'\' at line 4\n; bad SQL grammar []; nested exception is com.mysql.jdbc.exceptions.jdbc4.MySQLSyntaxErrorException: You have an error in your SQL syntax; check the manual that corresponds to your MySQL server version for the right syntax to use near \'key,\n			value,\n			remark ) \n		VALUES\n		 ( null,\n			\'sdf\',\n			\'sd\',\n			\'gd\',\n			\'\' at line 4\n在 [java.lang.Thread,Thread.java,run,619]\n在 [org.apache.tomcat.util.net.JIoEndpoint$Worker,JIoEndpoint.java,run,447]\n在 [org.apache.coyote.http11.Http11Protocol$Http11ConnectionHandler,Http11Protocol.java,process,583]\n在 [org.apache.coyote.http11.Http11Processor,Http11Processor.java,process,844]\n在 [org.apache.catalina.connector.CoyoteAdapter,CoyoteAdapter.java,service,286]\n在 [org.apache.catalina.core.StandardEngineValve,StandardEngineValve.java,invoke,109]\n在 [org.apache.catalina.valves.ErrorReportValve,ErrorReportValve.java,invoke,102]\n在 [org.apache.catalina.core.StandardHostValve,StandardHostValve.java,invoke,128]\n在 [org.apache.catalina.core.StandardContextValve,StandardContextValve.java,invoke,175]\n在 [org.apache.catalina.core.StandardWrapperValve,StandardWrapperValve.java,invoke,233]\n在 [org.apache.catalina.core.ApplicationFilterChain,ApplicationFilterChain.java,doFilter,206]\n在 [org.apache.catalina.core.ApplicationFilterChain,ApplicationFilterChain.java,internalDoFilter,235]\n在 [org.springframework.web.filter.OncePerRequestFilter,OncePerRequestFilter.java,doFilter,107]\n在 [org.springframework.web.filter.CharacterEncodingFilter,CharacterEncodingFilter.java,doFilterInternal,88]\n在 [org.apache.catalina.core.ApplicationFilterChain,ApplicationFilterChain.java,doFilter,206]\n在 [org.apache.catalina.core.ApplicationFilterChain,ApplicationFilterChain.java,internalDoFilter,235]\n在 [com.tandaly.core.web.filter.RequestFilter,RequestFilter.java,doFilter,71]\n在 [org.apache.catalina.core.ApplicationFilterChain,ApplicationFilterChain.java,doFilter,206]\n在 [org.apache.catalina.core.ApplicationFilterChain,ApplicationFilterChain.java,internalDoFilter,290]\n在 [javax.servlet.http.HttpServlet,HttpServlet.java,service,803]\n在 [org.springframework.web.servlet.FrameworkServlet,FrameworkServlet.java,service,812]\n在 [javax.servlet.http.HttpServlet,HttpServlet.java,service,710]\n在 [org.springframework.web.servlet.FrameworkServlet,FrameworkServlet.java,doPost,838]\n在 [org.springframework.web.servlet.FrameworkServlet,FrameworkServlet.java,processRequest,936]\n在 [org.springframework.web.servlet.DispatcherServlet,DispatcherServlet.java,doService,856]\n在 [org.springframework.web.servlet.DispatcherServlet,DispatcherServlet.java,doDispatch,925]\n在 [org.springframework.web.servlet.mvc.method.AbstractHandlerMethodAdapter,AbstractHandlerMethodAdapter.java,handle,80]\n在 [org.springframework.web.servlet.mvc.method.annotation.RequestMappingHandlerAdapter,RequestMappingHandlerAdapter.java,handleInternal,686]\n在 [org.springframework.web.servlet.mvc.method.annotation.RequestMappingHandlerAdapter,RequestMappingHandlerAdapter.java,invokeHandleMethod,745]\n在 [org.springframework.web.servlet.mvc.method.annotation.ServletInvocableHandlerMethod,ServletInvocableHandlerMethod.java,invokeAndHandle,104]\n在 [org.springframework.web.method.support.InvocableHandlerMethod,InvocableHandlerMethod.java,invokeForRequest,132]\n在 [org.springframework.web.method.support.InvocableHandlerMethod,InvocableHandlerMethod.java,invoke,219]\n在 [java.lang.reflect.Method,Method.java,invoke,597]\n在 [sun.reflect.DelegatingMethodAccessorImpl,DelegatingMethodAccessorImpl.java,invoke,25]\n在 [sun.reflect.NativeMethodAccessorImpl,NativeMethodAccessorImpl.java,invoke,39]\n在 [sun.reflect.NativeMethodAccessorImpl,NativeMethodAccessorImpl.java,invoke0,-2]\n在 [com.tandaly.system.admin.actions.DictionaryController,DictionaryController.java,ajaxAddDictionary,51]\n在 [com.tandaly.system.admin.service.DictionaryService$$EnhancerByCGLIB$$4bb2b93b,<generated>,addDictionary,-1]\n在 [org.springframework.aop.framework.CglibAopProxy$DynamicAdvisedInterceptor,CglibAopProxy.java,intercept,631]\n在 [org.springframework.aop.framework.ReflectiveMethodInvocation,ReflectiveMethodInvocation.java,proceed,172]\n在 [org.springframework.transaction.interceptor.TransactionInterceptor,TransactionInterceptor.java,invoke,94]\n在 [org.springframework.transaction.interceptor.TransactionAspectSupport,TransactionAspectSupport.java,invokeWithinTransaction,260]\n在 [org.springframework.transaction.interceptor.TransactionInterceptor$1,TransactionInterceptor.java,proceedWithInvocation,96]\n在 [org.springframework.aop.framework.ReflectiveMethodInvocation,ReflectiveMethodInvocation.java,proceed,150]\n在 [org.springframework.aop.framework.CglibAopProxy$CglibMethodInvocation,CglibAopProxy.java,invokeJoinpoint,698]\n在 [org.springframework.cglib.proxy.MethodProxy,MethodProxy.java,invoke,204]\n在 [com.tandaly.system.admin.service.DictionaryService$$FastClassByCGLIB$$9db611f8,<generated>,invoke,-1]\n在 [com.tandaly.system.admin.service.DictionaryService,DictionaryService.java,addDictionary,36]\n在 [$Proxy14,null,insert,-1]\n在 [org.apache.ibatis.binding.MapperProxy,MapperProxy.java,invoke,43]\n在 [org.apache.ibatis.binding.MapperMethod,MapperMethod.java,execute,46]\n在 [org.mybatis.spring.SqlSessionTemplate,SqlSessionTemplate.java,insert,236]\n在 [$Proxy12,null,insert,-1]\n在 [org.mybatis.spring.SqlSessionTemplate$SqlSessionInterceptor,SqlSessionTemplate.java,invoke,364]\n在 [org.mybatis.spring.MyBatisExceptionTranslator,MyBatisExceptionTranslator.java,translateExceptionIfPossible,71]\n在 [org.springframework.jdbc.support.AbstractFallbackSQLExceptionTranslator,AbstractFallbackSQLExceptionTranslator.java,translate,72]\n在 [org.springframework.jdbc.support.SQLErrorCodeSQLExceptionTranslator,SQLErrorCodeSQLExceptionTranslator.java,doTranslate,237]\n','2013-07-03 17:18:31'),(10,'org.springframework.jdbc.support.SQLErrorCodeSQLExceptionTranslator','doTranslate','org.springframework.jdbc.BadSqlGrammarException: \r\n### Error updating database.  Cause: com.mysql.jdbc.exceptions.jdbc4.MySQLSyntaxErrorException: You have an error in your SQL syntax; check the manual that corresponds to your MySQL server version for the right syntax to use near \'key,\n			value,\n			remark ) \n		VALUES\n		 ( null,\n			\'sdf\',\n			\'sd\',\n			\'gd\',\n			\'\' at line 4\r\n### The error may involve com.tandaly.system.admin.dao.DictionaryDao.insert-Inline\r\n### The error occurred while setting parameters\r\n### SQL: INSERT INTO t_sys_dictionary    ( id,    name,    key,    value,    remark )    VALUES    ( ?,    ?,    ?,    ?,    ? )\r\n### Cause: com.mysql.jdbc.exceptions.jdbc4.MySQLSyntaxErrorException: You have an error in your SQL syntax; check the manual that corresponds to your MySQL server version for the right syntax to use near \'key,\n			value,\n			remark ) \n		VALUES\n		 ( null,\n			\'sdf\',\n			\'sd\',\n			\'gd\',\n			\'\' at line 4\n; bad SQL grammar []; nested exception is com.mysql.jdbc.exceptions.jdbc4.MySQLSyntaxErrorException: You have an error in your SQL syntax; check the manual that corresponds to your MySQL server version for the right syntax to use near \'key,\n			value,\n			remark ) \n		VALUES\n		 ( null,\n			\'sdf\',\n			\'sd\',\n			\'gd\',\n			\'\' at line 4\n在 [java.lang.Thread,Thread.java,run,619]\n在 [org.apache.tomcat.util.net.JIoEndpoint$Worker,JIoEndpoint.java,run,447]\n在 [org.apache.coyote.http11.Http11Protocol$Http11ConnectionHandler,Http11Protocol.java,process,583]\n在 [org.apache.coyote.http11.Http11Processor,Http11Processor.java,process,844]\n在 [org.apache.catalina.connector.CoyoteAdapter,CoyoteAdapter.java,service,286]\n在 [org.apache.catalina.core.StandardEngineValve,StandardEngineValve.java,invoke,109]\n在 [org.apache.catalina.valves.ErrorReportValve,ErrorReportValve.java,invoke,102]\n在 [org.apache.catalina.core.StandardHostValve,StandardHostValve.java,invoke,128]\n在 [org.apache.catalina.core.StandardContextValve,StandardContextValve.java,invoke,175]\n在 [org.apache.catalina.core.StandardWrapperValve,StandardWrapperValve.java,invoke,233]\n在 [org.apache.catalina.core.ApplicationFilterChain,ApplicationFilterChain.java,doFilter,206]\n在 [org.apache.catalina.core.ApplicationFilterChain,ApplicationFilterChain.java,internalDoFilter,235]\n在 [org.springframework.web.filter.OncePerRequestFilter,OncePerRequestFilter.java,doFilter,107]\n在 [org.springframework.web.filter.CharacterEncodingFilter,CharacterEncodingFilter.java,doFilterInternal,88]\n在 [org.apache.catalina.core.ApplicationFilterChain,ApplicationFilterChain.java,doFilter,206]\n在 [org.apache.catalina.core.ApplicationFilterChain,ApplicationFilterChain.java,internalDoFilter,235]\n在 [com.tandaly.core.web.filter.RequestFilter,RequestFilter.java,doFilter,71]\n在 [org.apache.catalina.core.ApplicationFilterChain,ApplicationFilterChain.java,doFilter,206]\n在 [org.apache.catalina.core.ApplicationFilterChain,ApplicationFilterChain.java,internalDoFilter,290]\n在 [javax.servlet.http.HttpServlet,HttpServlet.java,service,803]\n在 [org.springframework.web.servlet.FrameworkServlet,FrameworkServlet.java,service,812]\n在 [javax.servlet.http.HttpServlet,HttpServlet.java,service,710]\n在 [org.springframework.web.servlet.FrameworkServlet,FrameworkServlet.java,doPost,838]\n在 [org.springframework.web.servlet.FrameworkServlet,FrameworkServlet.java,processRequest,936]\n在 [org.springframework.web.servlet.DispatcherServlet,DispatcherServlet.java,doService,856]\n在 [org.springframework.web.servlet.DispatcherServlet,DispatcherServlet.java,doDispatch,925]\n在 [org.springframework.web.servlet.mvc.method.AbstractHandlerMethodAdapter,AbstractHandlerMethodAdapter.java,handle,80]\n在 [org.springframework.web.servlet.mvc.method.annotation.RequestMappingHandlerAdapter,RequestMappingHandlerAdapter.java,handleInternal,686]\n在 [org.springframework.web.servlet.mvc.method.annotation.RequestMappingHandlerAdapter,RequestMappingHandlerAdapter.java,invokeHandleMethod,745]\n在 [org.springframework.web.servlet.mvc.method.annotation.ServletInvocableHandlerMethod,ServletInvocableHandlerMethod.java,invokeAndHandle,104]\n在 [org.springframework.web.method.support.InvocableHandlerMethod,InvocableHandlerMethod.java,invokeForRequest,132]\n在 [org.springframework.web.method.support.InvocableHandlerMethod,InvocableHandlerMethod.java,invoke,219]\n在 [java.lang.reflect.Method,Method.java,invoke,597]\n在 [sun.reflect.DelegatingMethodAccessorImpl,DelegatingMethodAccessorImpl.java,invoke,25]\n在 [sun.reflect.NativeMethodAccessorImpl,NativeMethodAccessorImpl.java,invoke,39]\n在 [sun.reflect.NativeMethodAccessorImpl,NativeMethodAccessorImpl.java,invoke0,-2]\n在 [com.tandaly.system.admin.actions.DictionaryController,DictionaryController.java,ajaxAddDictionary,51]\n在 [com.tandaly.system.admin.service.DictionaryService$$EnhancerByCGLIB$$4bb2b93b,<generated>,addDictionary,-1]\n在 [org.springframework.aop.framework.CglibAopProxy$DynamicAdvisedInterceptor,CglibAopProxy.java,intercept,631]\n在 [org.springframework.aop.framework.ReflectiveMethodInvocation,ReflectiveMethodInvocation.java,proceed,172]\n在 [org.springframework.transaction.interceptor.TransactionInterceptor,TransactionInterceptor.java,invoke,94]\n在 [org.springframework.transaction.interceptor.TransactionAspectSupport,TransactionAspectSupport.java,invokeWithinTransaction,260]\n在 [org.springframework.transaction.interceptor.TransactionInterceptor$1,TransactionInterceptor.java,proceedWithInvocation,96]\n在 [org.springframework.aop.framework.ReflectiveMethodInvocation,ReflectiveMethodInvocation.java,proceed,150]\n在 [org.springframework.aop.framework.CglibAopProxy$CglibMethodInvocation,CglibAopProxy.java,invokeJoinpoint,698]\n在 [org.springframework.cglib.proxy.MethodProxy,MethodProxy.java,invoke,204]\n在 [com.tandaly.system.admin.service.DictionaryService$$FastClassByCGLIB$$9db611f8,<generated>,invoke,-1]\n在 [com.tandaly.system.admin.service.DictionaryService,DictionaryService.java,addDictionary,36]\n在 [$Proxy14,null,insert,-1]\n在 [org.apache.ibatis.binding.MapperProxy,MapperProxy.java,invoke,43]\n在 [org.apache.ibatis.binding.MapperMethod,MapperMethod.java,execute,46]\n在 [org.mybatis.spring.SqlSessionTemplate,SqlSessionTemplate.java,insert,236]\n在 [$Proxy12,null,insert,-1]\n在 [org.mybatis.spring.SqlSessionTemplate$SqlSessionInterceptor,SqlSessionTemplate.java,invoke,364]\n在 [org.mybatis.spring.MyBatisExceptionTranslator,MyBatisExceptionTranslator.java,translateExceptionIfPossible,71]\n在 [org.springframework.jdbc.support.AbstractFallbackSQLExceptionTranslator,AbstractFallbackSQLExceptionTranslator.java,translate,72]\n在 [org.springframework.jdbc.support.SQLErrorCodeSQLExceptionTranslator,SQLErrorCodeSQLExceptionTranslator.java,doTranslate,237]\n','2013-07-03 17:23:47'),(11,'org.springframework.jdbc.support.SQLErrorCodeSQLExceptionTranslator','doTranslate','org.springframework.jdbc.BadSqlGrammarException: \r\n### Error updating database.  Cause: com.mysql.jdbc.exceptions.jdbc4.MySQLSyntaxErrorException: You have an error in your SQL syntax; check the manual that corresponds to your MySQL server version for the right syntax to use near \')\' at line 5\r\n### The error may involve com.tandaly.system.admin.dao.DictionaryDao.delete-Inline\r\n### The error occurred while setting parameters\r\n### SQL: DELETE FROM    t_sys_dictionary   WHERE id IN (        )\r\n### Cause: com.mysql.jdbc.exceptions.jdbc4.MySQLSyntaxErrorException: You have an error in your SQL syntax; check the manual that corresponds to your MySQL server version for the right syntax to use near \')\' at line 5\n; bad SQL grammar []; nested exception is com.mysql.jdbc.exceptions.jdbc4.MySQLSyntaxErrorException: You have an error in your SQL syntax; check the manual that corresponds to your MySQL server version for the right syntax to use near \')\' at line 5\n在 [java.lang.Thread,Thread.java,run,619]\n在 [org.apache.tomcat.util.net.JIoEndpoint$Worker,JIoEndpoint.java,run,447]\n在 [org.apache.coyote.http11.Http11Protocol$Http11ConnectionHandler,Http11Protocol.java,process,583]\n在 [org.apache.coyote.http11.Http11Processor,Http11Processor.java,process,844]\n在 [org.apache.catalina.connector.CoyoteAdapter,CoyoteAdapter.java,service,286]\n在 [org.apache.catalina.core.StandardEngineValve,StandardEngineValve.java,invoke,109]\n在 [org.apache.catalina.valves.ErrorReportValve,ErrorReportValve.java,invoke,102]\n在 [org.apache.catalina.core.StandardHostValve,StandardHostValve.java,invoke,128]\n在 [org.apache.catalina.core.StandardContextValve,StandardContextValve.java,invoke,175]\n在 [org.apache.catalina.core.StandardWrapperValve,StandardWrapperValve.java,invoke,233]\n在 [org.apache.catalina.core.ApplicationFilterChain,ApplicationFilterChain.java,doFilter,206]\n在 [org.apache.catalina.core.ApplicationFilterChain,ApplicationFilterChain.java,internalDoFilter,235]\n在 [org.springframework.web.filter.OncePerRequestFilter,OncePerRequestFilter.java,doFilter,107]\n在 [org.springframework.web.filter.CharacterEncodingFilter,CharacterEncodingFilter.java,doFilterInternal,88]\n在 [org.apache.catalina.core.ApplicationFilterChain,ApplicationFilterChain.java,doFilter,206]\n在 [org.apache.catalina.core.ApplicationFilterChain,ApplicationFilterChain.java,internalDoFilter,235]\n在 [com.tandaly.core.web.filter.RequestFilter,RequestFilter.java,doFilter,71]\n在 [org.apache.catalina.core.ApplicationFilterChain,ApplicationFilterChain.java,doFilter,206]\n在 [org.apache.catalina.core.ApplicationFilterChain,ApplicationFilterChain.java,internalDoFilter,290]\n在 [javax.servlet.http.HttpServlet,HttpServlet.java,service,803]\n在 [org.springframework.web.servlet.FrameworkServlet,FrameworkServlet.java,service,812]\n在 [javax.servlet.http.HttpServlet,HttpServlet.java,service,710]\n在 [org.springframework.web.servlet.FrameworkServlet,FrameworkServlet.java,doPost,838]\n在 [org.springframework.web.servlet.FrameworkServlet,FrameworkServlet.java,processRequest,936]\n在 [org.springframework.web.servlet.DispatcherServlet,DispatcherServlet.java,doService,856]\n在 [org.springframework.web.servlet.DispatcherServlet,DispatcherServlet.java,doDispatch,925]\n在 [org.springframework.web.servlet.mvc.method.AbstractHandlerMethodAdapter,AbstractHandlerMethodAdapter.java,handle,80]\n在 [org.springframework.web.servlet.mvc.method.annotation.RequestMappingHandlerAdapter,RequestMappingHandlerAdapter.java,handleInternal,686]\n在 [org.springframework.web.servlet.mvc.method.annotation.RequestMappingHandlerAdapter,RequestMappingHandlerAdapter.java,invokeHandleMethod,745]\n在 [org.springframework.web.servlet.mvc.method.annotation.ServletInvocableHandlerMethod,ServletInvocableHandlerMethod.java,invokeAndHandle,104]\n在 [org.springframework.web.method.support.InvocableHandlerMethod,InvocableHandlerMethod.java,invokeForRequest,132]\n在 [org.springframework.web.method.support.InvocableHandlerMethod,InvocableHandlerMethod.java,invoke,219]\n在 [java.lang.reflect.Method,Method.java,invoke,597]\n在 [sun.reflect.DelegatingMethodAccessorImpl,DelegatingMethodAccessorImpl.java,invoke,25]\n在 [sun.reflect.NativeMethodAccessorImpl,NativeMethodAccessorImpl.java,invoke,39]\n在 [sun.reflect.NativeMethodAccessorImpl,NativeMethodAccessorImpl.java,invoke0,-2]\n在 [com.tandaly.system.admin.actions.DictionaryController,DictionaryController.java,ajaxDeleteDictionary,73]\n在 [com.tandaly.system.admin.service.DictionaryService$$EnhancerByCGLIB$$18be46e5,<generated>,deleteDictionary,-1]\n在 [org.springframework.aop.framework.CglibAopProxy$DynamicAdvisedInterceptor,CglibAopProxy.java,intercept,631]\n在 [org.springframework.aop.framework.ReflectiveMethodInvocation,ReflectiveMethodInvocation.java,proceed,172]\n在 [org.springframework.transaction.interceptor.TransactionInterceptor,TransactionInterceptor.java,invoke,94]\n在 [org.springframework.transaction.interceptor.TransactionAspectSupport,TransactionAspectSupport.java,invokeWithinTransaction,260]\n在 [org.springframework.transaction.interceptor.TransactionInterceptor$1,TransactionInterceptor.java,proceedWithInvocation,96]\n在 [org.springframework.aop.framework.ReflectiveMethodInvocation,ReflectiveMethodInvocation.java,proceed,150]\n在 [org.springframework.aop.framework.CglibAopProxy$CglibMethodInvocation,CglibAopProxy.java,invokeJoinpoint,698]\n在 [org.springframework.cglib.proxy.MethodProxy,MethodProxy.java,invoke,204]\n在 [com.tandaly.system.admin.service.DictionaryService$$FastClassByCGLIB$$9db611f8,<generated>,invoke,-1]\n在 [com.tandaly.system.admin.service.DictionaryService,DictionaryService.java,deleteDictionary,51]\n在 [$Proxy14,null,delete,-1]\n在 [org.apache.ibatis.binding.MapperProxy,MapperProxy.java,invoke,43]\n在 [org.apache.ibatis.binding.MapperMethod,MapperMethod.java,execute,52]\n在 [org.mybatis.spring.SqlSessionTemplate,SqlSessionTemplate.java,delete,264]\n在 [$Proxy12,null,delete,-1]\n在 [org.mybatis.spring.SqlSessionTemplate$SqlSessionInterceptor,SqlSessionTemplate.java,invoke,364]\n在 [org.mybatis.spring.MyBatisExceptionTranslator,MyBatisExceptionTranslator.java,translateExceptionIfPossible,71]\n在 [org.springframework.jdbc.support.AbstractFallbackSQLExceptionTranslator,AbstractFallbackSQLExceptionTranslator.java,translate,72]\n在 [org.springframework.jdbc.support.SQLErrorCodeSQLExceptionTranslator,SQLErrorCodeSQLExceptionTranslator.java,doTranslate,237]\n','2013-07-03 17:31:17'),(12,'org.springframework.jdbc.support.SQLErrorCodeSQLExceptionTranslator','doTranslate','org.springframework.jdbc.BadSqlGrammarException: \r\n### Error updating database.  Cause: com.mysql.jdbc.exceptions.jdbc4.MySQLSyntaxErrorException: You have an error in your SQL syntax; check the manual that corresponds to your MySQL server version for the right syntax to use near \')\' at line 5\r\n### The error may involve com.tandaly.system.admin.dao.DictionaryDao.delete-Inline\r\n### The error occurred while setting parameters\r\n### SQL: DELETE FROM    t_sys_dictionary   WHERE id IN (        )\r\n### Cause: com.mysql.jdbc.exceptions.jdbc4.MySQLSyntaxErrorException: You have an error in your SQL syntax; check the manual that corresponds to your MySQL server version for the right syntax to use near \')\' at line 5\n; bad SQL grammar []; nested exception is com.mysql.jdbc.exceptions.jdbc4.MySQLSyntaxErrorException: You have an error in your SQL syntax; check the manual that corresponds to your MySQL server version for the right syntax to use near \')\' at line 5\n在 [java.lang.Thread,Thread.java,run,619]\n在 [org.apache.tomcat.util.net.JIoEndpoint$Worker,JIoEndpoint.java,run,447]\n在 [org.apache.coyote.http11.Http11Protocol$Http11ConnectionHandler,Http11Protocol.java,process,583]\n在 [org.apache.coyote.http11.Http11Processor,Http11Processor.java,process,844]\n在 [org.apache.catalina.connector.CoyoteAdapter,CoyoteAdapter.java,service,286]\n在 [org.apache.catalina.core.StandardEngineValve,StandardEngineValve.java,invoke,109]\n在 [org.apache.catalina.valves.ErrorReportValve,ErrorReportValve.java,invoke,102]\n在 [org.apache.catalina.core.StandardHostValve,StandardHostValve.java,invoke,128]\n在 [org.apache.catalina.core.StandardContextValve,StandardContextValve.java,invoke,175]\n在 [org.apache.catalina.core.StandardWrapperValve,StandardWrapperValve.java,invoke,233]\n在 [org.apache.catalina.core.ApplicationFilterChain,ApplicationFilterChain.java,doFilter,206]\n在 [org.apache.catalina.core.ApplicationFilterChain,ApplicationFilterChain.java,internalDoFilter,235]\n在 [org.springframework.web.filter.OncePerRequestFilter,OncePerRequestFilter.java,doFilter,107]\n在 [org.springframework.web.filter.CharacterEncodingFilter,CharacterEncodingFilter.java,doFilterInternal,88]\n在 [org.apache.catalina.core.ApplicationFilterChain,ApplicationFilterChain.java,doFilter,206]\n在 [org.apache.catalina.core.ApplicationFilterChain,ApplicationFilterChain.java,internalDoFilter,235]\n在 [com.tandaly.core.web.filter.RequestFilter,RequestFilter.java,doFilter,71]\n在 [org.apache.catalina.core.ApplicationFilterChain,ApplicationFilterChain.java,doFilter,206]\n在 [org.apache.catalina.core.ApplicationFilterChain,ApplicationFilterChain.java,internalDoFilter,290]\n在 [javax.servlet.http.HttpServlet,HttpServlet.java,service,803]\n在 [org.springframework.web.servlet.FrameworkServlet,FrameworkServlet.java,service,812]\n在 [javax.servlet.http.HttpServlet,HttpServlet.java,service,710]\n在 [org.springframework.web.servlet.FrameworkServlet,FrameworkServlet.java,doPost,838]\n在 [org.springframework.web.servlet.FrameworkServlet,FrameworkServlet.java,processRequest,936]\n在 [org.springframework.web.servlet.DispatcherServlet,DispatcherServlet.java,doService,856]\n在 [org.springframework.web.servlet.DispatcherServlet,DispatcherServlet.java,doDispatch,925]\n在 [org.springframework.web.servlet.mvc.method.AbstractHandlerMethodAdapter,AbstractHandlerMethodAdapter.java,handle,80]\n在 [org.springframework.web.servlet.mvc.method.annotation.RequestMappingHandlerAdapter,RequestMappingHandlerAdapter.java,handleInternal,686]\n在 [org.springframework.web.servlet.mvc.method.annotation.RequestMappingHandlerAdapter,RequestMappingHandlerAdapter.java,invokeHandleMethod,745]\n在 [org.springframework.web.servlet.mvc.method.annotation.ServletInvocableHandlerMethod,ServletInvocableHandlerMethod.java,invokeAndHandle,104]\n在 [org.springframework.web.method.support.InvocableHandlerMethod,InvocableHandlerMethod.java,invokeForRequest,132]\n在 [org.springframework.web.method.support.InvocableHandlerMethod,InvocableHandlerMethod.java,invoke,219]\n在 [java.lang.reflect.Method,Method.java,invoke,597]\n在 [sun.reflect.DelegatingMethodAccessorImpl,DelegatingMethodAccessorImpl.java,invoke,25]\n在 [sun.reflect.NativeMethodAccessorImpl,NativeMethodAccessorImpl.java,invoke,39]\n在 [sun.reflect.NativeMethodAccessorImpl,NativeMethodAccessorImpl.java,invoke0,-2]\n在 [com.tandaly.system.admin.actions.DictionaryController,DictionaryController.java,ajaxDeleteDictionary,73]\n在 [com.tandaly.system.admin.service.DictionaryService$$EnhancerByCGLIB$$18be46e5,<generated>,deleteDictionary,-1]\n在 [org.springframework.aop.framework.CglibAopProxy$DynamicAdvisedInterceptor,CglibAopProxy.java,intercept,631]\n在 [org.springframework.aop.framework.ReflectiveMethodInvocation,ReflectiveMethodInvocation.java,proceed,172]\n在 [org.springframework.transaction.interceptor.TransactionInterceptor,TransactionInterceptor.java,invoke,94]\n在 [org.springframework.transaction.interceptor.TransactionAspectSupport,TransactionAspectSupport.java,invokeWithinTransaction,260]\n在 [org.springframework.transaction.interceptor.TransactionInterceptor$1,TransactionInterceptor.java,proceedWithInvocation,96]\n在 [org.springframework.aop.framework.ReflectiveMethodInvocation,ReflectiveMethodInvocation.java,proceed,150]\n在 [org.springframework.aop.framework.CglibAopProxy$CglibMethodInvocation,CglibAopProxy.java,invokeJoinpoint,698]\n在 [org.springframework.cglib.proxy.MethodProxy,MethodProxy.java,invoke,204]\n在 [com.tandaly.system.admin.service.DictionaryService$$FastClassByCGLIB$$9db611f8,<generated>,invoke,-1]\n在 [com.tandaly.system.admin.service.DictionaryService,DictionaryService.java,deleteDictionary,51]\n在 [$Proxy14,null,delete,-1]\n在 [org.apache.ibatis.binding.MapperProxy,MapperProxy.java,invoke,43]\n在 [org.apache.ibatis.binding.MapperMethod,MapperMethod.java,execute,52]\n在 [org.mybatis.spring.SqlSessionTemplate,SqlSessionTemplate.java,delete,264]\n在 [$Proxy12,null,delete,-1]\n在 [org.mybatis.spring.SqlSessionTemplate$SqlSessionInterceptor,SqlSessionTemplate.java,invoke,364]\n在 [org.mybatis.spring.MyBatisExceptionTranslator,MyBatisExceptionTranslator.java,translateExceptionIfPossible,71]\n在 [org.springframework.jdbc.support.AbstractFallbackSQLExceptionTranslator,AbstractFallbackSQLExceptionTranslator.java,translate,72]\n在 [org.springframework.jdbc.support.SQLErrorCodeSQLExceptionTranslator,SQLErrorCodeSQLExceptionTranslator.java,doTranslate,237]\n','2013-07-03 17:32:23'),(13,'org.springframework.util.Assert','notNull','java.lang.IllegalArgumentException: Model object must not be null\n在 [java.lang.Thread,Thread.java,run,619]\n在 [org.apache.tomcat.util.net.JIoEndpoint$Worker,JIoEndpoint.java,run,447]\n在 [org.apache.coyote.http11.Http11Protocol$Http11ConnectionHandler,Http11Protocol.java,process,583]\n在 [org.apache.coyote.http11.Http11Processor,Http11Processor.java,process,844]\n在 [org.apache.catalina.connector.CoyoteAdapter,CoyoteAdapter.java,service,286]\n在 [org.apache.catalina.core.StandardEngineValve,StandardEngineValve.java,invoke,109]\n在 [org.apache.catalina.valves.ErrorReportValve,ErrorReportValve.java,invoke,102]\n在 [org.apache.catalina.core.StandardHostValve,StandardHostValve.java,invoke,128]\n在 [org.apache.catalina.core.StandardContextValve,StandardContextValve.java,invoke,175]\n在 [org.apache.catalina.core.StandardWrapperValve,StandardWrapperValve.java,invoke,233]\n在 [org.apache.catalina.core.ApplicationFilterChain,ApplicationFilterChain.java,doFilter,206]\n在 [org.apache.catalina.core.ApplicationFilterChain,ApplicationFilterChain.java,internalDoFilter,235]\n在 [org.springframework.web.filter.OncePerRequestFilter,OncePerRequestFilter.java,doFilter,107]\n在 [org.springframework.web.filter.CharacterEncodingFilter,CharacterEncodingFilter.java,doFilterInternal,88]\n在 [org.apache.catalina.core.ApplicationFilterChain,ApplicationFilterChain.java,doFilter,206]\n在 [org.apache.catalina.core.ApplicationFilterChain,ApplicationFilterChain.java,internalDoFilter,235]\n在 [com.tandaly.core.web.filter.RequestFilter,RequestFilter.java,doFilter,71]\n在 [org.apache.catalina.core.ApplicationFilterChain,ApplicationFilterChain.java,doFilter,206]\n在 [org.apache.catalina.core.ApplicationFilterChain,ApplicationFilterChain.java,internalDoFilter,290]\n在 [javax.servlet.http.HttpServlet,HttpServlet.java,service,803]\n在 [org.springframework.web.servlet.FrameworkServlet,FrameworkServlet.java,service,812]\n在 [javax.servlet.http.HttpServlet,HttpServlet.java,service,690]\n在 [org.springframework.web.servlet.FrameworkServlet,FrameworkServlet.java,doGet,827]\n在 [org.springframework.web.servlet.FrameworkServlet,FrameworkServlet.java,processRequest,936]\n在 [org.springframework.web.servlet.DispatcherServlet,DispatcherServlet.java,doService,856]\n在 [org.springframework.web.servlet.DispatcherServlet,DispatcherServlet.java,doDispatch,925]\n在 [org.springframework.web.servlet.mvc.method.AbstractHandlerMethodAdapter,AbstractHandlerMethodAdapter.java,handle,80]\n在 [org.springframework.web.servlet.mvc.method.annotation.RequestMappingHandlerAdapter,RequestMappingHandlerAdapter.java,handleInternal,686]\n在 [org.springframework.web.servlet.mvc.method.annotation.RequestMappingHandlerAdapter,RequestMappingHandlerAdapter.java,invokeHandleMethod,745]\n在 [org.springframework.web.servlet.mvc.method.annotation.ServletInvocableHandlerMethod,ServletInvocableHandlerMethod.java,invokeAndHandle,104]\n在 [org.springframework.web.method.support.InvocableHandlerMethod,InvocableHandlerMethod.java,invokeForRequest,132]\n在 [org.springframework.web.method.support.InvocableHandlerMethod,InvocableHandlerMethod.java,invoke,219]\n在 [java.lang.reflect.Method,Method.java,invoke,597]\n在 [sun.reflect.DelegatingMethodAccessorImpl,DelegatingMethodAccessorImpl.java,invoke,25]\n在 [sun.reflect.NativeMethodAccessorImpl,NativeMethodAccessorImpl.java,invoke,39]\n在 [sun.reflect.NativeMethodAccessorImpl,NativeMethodAccessorImpl.java,invoke0,-2]\n在 [com.tandaly.system.admin.actions.ParamsController,ParamsController.java,addParams,39]\n在 [org.springframework.ui.ExtendedModelMap,ExtendedModelMap.java,addAttribute,29]\n在 [org.springframework.ui.ExtendedModelMap,ExtendedModelMap.java,addAttribute,40]\n在 [org.springframework.ui.ModelMap,ModelMap.java,addAttribute,91]\n在 [org.springframework.util.Assert,Assert.java,notNull,112]\n','2013-07-08 16:18:41'),(14,'org.springframework.util.Assert','notNull','java.lang.IllegalArgumentException: Model object must not be null\n在 [java.lang.Thread,Thread.java,run,619]\n在 [org.apache.tomcat.util.net.JIoEndpoint$Worker,JIoEndpoint.java,run,447]\n在 [org.apache.coyote.http11.Http11Protocol$Http11ConnectionHandler,Http11Protocol.java,process,583]\n在 [org.apache.coyote.http11.Http11Processor,Http11Processor.java,process,844]\n在 [org.apache.catalina.connector.CoyoteAdapter,CoyoteAdapter.java,service,286]\n在 [org.apache.catalina.core.StandardEngineValve,StandardEngineValve.java,invoke,109]\n在 [org.apache.catalina.valves.ErrorReportValve,ErrorReportValve.java,invoke,102]\n在 [org.apache.catalina.core.StandardHostValve,StandardHostValve.java,invoke,128]\n在 [org.apache.catalina.core.StandardContextValve,StandardContextValve.java,invoke,175]\n在 [org.apache.catalina.core.StandardWrapperValve,StandardWrapperValve.java,invoke,233]\n在 [org.apache.catalina.core.ApplicationFilterChain,ApplicationFilterChain.java,doFilter,206]\n在 [org.apache.catalina.core.ApplicationFilterChain,ApplicationFilterChain.java,internalDoFilter,235]\n在 [org.springframework.web.filter.OncePerRequestFilter,OncePerRequestFilter.java,doFilter,107]\n在 [org.springframework.web.filter.CharacterEncodingFilter,CharacterEncodingFilter.java,doFilterInternal,88]\n在 [org.apache.catalina.core.ApplicationFilterChain,ApplicationFilterChain.java,doFilter,206]\n在 [org.apache.catalina.core.ApplicationFilterChain,ApplicationFilterChain.java,internalDoFilter,235]\n在 [com.tandaly.core.web.filter.RequestFilter,RequestFilter.java,doFilter,71]\n在 [org.apache.catalina.core.ApplicationFilterChain,ApplicationFilterChain.java,doFilter,206]\n在 [org.apache.catalina.core.ApplicationFilterChain,ApplicationFilterChain.java,internalDoFilter,290]\n在 [javax.servlet.http.HttpServlet,HttpServlet.java,service,803]\n在 [org.springframework.web.servlet.FrameworkServlet,FrameworkServlet.java,service,812]\n在 [javax.servlet.http.HttpServlet,HttpServlet.java,service,690]\n在 [org.springframework.web.servlet.FrameworkServlet,FrameworkServlet.java,doGet,827]\n在 [org.springframework.web.servlet.FrameworkServlet,FrameworkServlet.java,processRequest,936]\n在 [org.springframework.web.servlet.DispatcherServlet,DispatcherServlet.java,doService,856]\n在 [org.springframework.web.servlet.DispatcherServlet,DispatcherServlet.java,doDispatch,925]\n在 [org.springframework.web.servlet.mvc.method.AbstractHandlerMethodAdapter,AbstractHandlerMethodAdapter.java,handle,80]\n在 [org.springframework.web.servlet.mvc.method.annotation.RequestMappingHandlerAdapter,RequestMappingHandlerAdapter.java,handleInternal,686]\n在 [org.springframework.web.servlet.mvc.method.annotation.RequestMappingHandlerAdapter,RequestMappingHandlerAdapter.java,invokeHandleMethod,745]\n在 [org.springframework.web.servlet.mvc.method.annotation.ServletInvocableHandlerMethod,ServletInvocableHandlerMethod.java,invokeAndHandle,104]\n在 [org.springframework.web.method.support.InvocableHandlerMethod,InvocableHandlerMethod.java,invokeForRequest,132]\n在 [org.springframework.web.method.support.InvocableHandlerMethod,InvocableHandlerMethod.java,invoke,219]\n在 [java.lang.reflect.Method,Method.java,invoke,597]\n在 [sun.reflect.DelegatingMethodAccessorImpl,DelegatingMethodAccessorImpl.java,invoke,25]\n在 [sun.reflect.NativeMethodAccessorImpl,NativeMethodAccessorImpl.java,invoke,39]\n在 [sun.reflect.NativeMethodAccessorImpl,NativeMethodAccessorImpl.java,invoke0,-2]\n在 [com.tandaly.system.admin.actions.ParamsController,ParamsController.java,addParams,39]\n在 [org.springframework.ui.ExtendedModelMap,ExtendedModelMap.java,addAttribute,29]\n在 [org.springframework.ui.ExtendedModelMap,ExtendedModelMap.java,addAttribute,40]\n在 [org.springframework.ui.ModelMap,ModelMap.java,addAttribute,91]\n在 [org.springframework.util.Assert,Assert.java,notNull,112]\n','2013-07-08 16:19:52'),(15,'org.springframework.util.Assert','notNull','java.lang.IllegalArgumentException: Model object must not be null\n在 [java.lang.Thread,Thread.java,run,619]\n在 [org.apache.tomcat.util.net.JIoEndpoint$Worker,JIoEndpoint.java,run,447]\n在 [org.apache.coyote.http11.Http11Protocol$Http11ConnectionHandler,Http11Protocol.java,process,583]\n在 [org.apache.coyote.http11.Http11Processor,Http11Processor.java,process,844]\n在 [org.apache.catalina.connector.CoyoteAdapter,CoyoteAdapter.java,service,286]\n在 [org.apache.catalina.core.StandardEngineValve,StandardEngineValve.java,invoke,109]\n在 [org.apache.catalina.valves.ErrorReportValve,ErrorReportValve.java,invoke,102]\n在 [org.apache.catalina.core.StandardHostValve,StandardHostValve.java,invoke,128]\n在 [org.apache.catalina.core.StandardContextValve,StandardContextValve.java,invoke,175]\n在 [org.apache.catalina.core.StandardWrapperValve,StandardWrapperValve.java,invoke,233]\n在 [org.apache.catalina.core.ApplicationFilterChain,ApplicationFilterChain.java,doFilter,206]\n在 [org.apache.catalina.core.ApplicationFilterChain,ApplicationFilterChain.java,internalDoFilter,235]\n在 [org.springframework.web.filter.OncePerRequestFilter,OncePerRequestFilter.java,doFilter,107]\n在 [org.springframework.web.filter.CharacterEncodingFilter,CharacterEncodingFilter.java,doFilterInternal,88]\n在 [org.apache.catalina.core.ApplicationFilterChain,ApplicationFilterChain.java,doFilter,206]\n在 [org.apache.catalina.core.ApplicationFilterChain,ApplicationFilterChain.java,internalDoFilter,235]\n在 [com.tandaly.core.web.filter.RequestFilter,RequestFilter.java,doFilter,71]\n在 [org.apache.catalina.core.ApplicationFilterChain,ApplicationFilterChain.java,doFilter,206]\n在 [org.apache.catalina.core.ApplicationFilterChain,ApplicationFilterChain.java,internalDoFilter,290]\n在 [javax.servlet.http.HttpServlet,HttpServlet.java,service,803]\n在 [org.springframework.web.servlet.FrameworkServlet,FrameworkServlet.java,service,812]\n在 [javax.servlet.http.HttpServlet,HttpServlet.java,service,690]\n在 [org.springframework.web.servlet.FrameworkServlet,FrameworkServlet.java,doGet,827]\n在 [org.springframework.web.servlet.FrameworkServlet,FrameworkServlet.java,processRequest,936]\n在 [org.springframework.web.servlet.DispatcherServlet,DispatcherServlet.java,doService,856]\n在 [org.springframework.web.servlet.DispatcherServlet,DispatcherServlet.java,doDispatch,925]\n在 [org.springframework.web.servlet.mvc.method.AbstractHandlerMethodAdapter,AbstractHandlerMethodAdapter.java,handle,80]\n在 [org.springframework.web.servlet.mvc.method.annotation.RequestMappingHandlerAdapter,RequestMappingHandlerAdapter.java,handleInternal,686]\n在 [org.springframework.web.servlet.mvc.method.annotation.RequestMappingHandlerAdapter,RequestMappingHandlerAdapter.java,invokeHandleMethod,745]\n在 [org.springframework.web.servlet.mvc.method.annotation.ServletInvocableHandlerMethod,ServletInvocableHandlerMethod.java,invokeAndHandle,104]\n在 [org.springframework.web.method.support.InvocableHandlerMethod,InvocableHandlerMethod.java,invokeForRequest,132]\n在 [org.springframework.web.method.support.InvocableHandlerMethod,InvocableHandlerMethod.java,invoke,219]\n在 [java.lang.reflect.Method,Method.java,invoke,597]\n在 [sun.reflect.DelegatingMethodAccessorImpl,DelegatingMethodAccessorImpl.java,invoke,25]\n在 [sun.reflect.NativeMethodAccessorImpl,NativeMethodAccessorImpl.java,invoke,39]\n在 [sun.reflect.NativeMethodAccessorImpl,NativeMethodAccessorImpl.java,invoke0,-2]\n在 [com.tandaly.system.admin.actions.ParamsController,ParamsController.java,addParams,39]\n在 [org.springframework.ui.ExtendedModelMap,ExtendedModelMap.java,addAttribute,29]\n在 [org.springframework.ui.ExtendedModelMap,ExtendedModelMap.java,addAttribute,40]\n在 [org.springframework.ui.ModelMap,ModelMap.java,addAttribute,91]\n在 [org.springframework.util.Assert,Assert.java,notNull,112]\n','2013-07-08 16:23:11'),(16,'org.springframework.util.Assert','notNull','java.lang.IllegalArgumentException: Model object must not be null\n在 [java.lang.Thread,Thread.java,run,619]\n在 [org.apache.tomcat.util.net.JIoEndpoint$Worker,JIoEndpoint.java,run,447]\n在 [org.apache.coyote.http11.Http11Protocol$Http11ConnectionHandler,Http11Protocol.java,process,583]\n在 [org.apache.coyote.http11.Http11Processor,Http11Processor.java,process,844]\n在 [org.apache.catalina.connector.CoyoteAdapter,CoyoteAdapter.java,service,286]\n在 [org.apache.catalina.core.StandardEngineValve,StandardEngineValve.java,invoke,109]\n在 [org.apache.catalina.valves.ErrorReportValve,ErrorReportValve.java,invoke,102]\n在 [org.apache.catalina.core.StandardHostValve,StandardHostValve.java,invoke,128]\n在 [org.apache.catalina.core.StandardContextValve,StandardContextValve.java,invoke,175]\n在 [org.apache.catalina.core.StandardWrapperValve,StandardWrapperValve.java,invoke,233]\n在 [org.apache.catalina.core.ApplicationFilterChain,ApplicationFilterChain.java,doFilter,206]\n在 [org.apache.catalina.core.ApplicationFilterChain,ApplicationFilterChain.java,internalDoFilter,235]\n在 [org.springframework.web.filter.OncePerRequestFilter,OncePerRequestFilter.java,doFilter,107]\n在 [org.springframework.web.filter.CharacterEncodingFilter,CharacterEncodingFilter.java,doFilterInternal,88]\n在 [org.apache.catalina.core.ApplicationFilterChain,ApplicationFilterChain.java,doFilter,206]\n在 [org.apache.catalina.core.ApplicationFilterChain,ApplicationFilterChain.java,internalDoFilter,235]\n在 [com.tandaly.core.web.filter.RequestFilter,RequestFilter.java,doFilter,71]\n在 [org.apache.catalina.core.ApplicationFilterChain,ApplicationFilterChain.java,doFilter,206]\n在 [org.apache.catalina.core.ApplicationFilterChain,ApplicationFilterChain.java,internalDoFilter,290]\n在 [javax.servlet.http.HttpServlet,HttpServlet.java,service,803]\n在 [org.springframework.web.servlet.FrameworkServlet,FrameworkServlet.java,service,812]\n在 [javax.servlet.http.HttpServlet,HttpServlet.java,service,690]\n在 [org.springframework.web.servlet.FrameworkServlet,FrameworkServlet.java,doGet,827]\n在 [org.springframework.web.servlet.FrameworkServlet,FrameworkServlet.java,processRequest,936]\n在 [org.springframework.web.servlet.DispatcherServlet,DispatcherServlet.java,doService,856]\n在 [org.springframework.web.servlet.DispatcherServlet,DispatcherServlet.java,doDispatch,925]\n在 [org.springframework.web.servlet.mvc.method.AbstractHandlerMethodAdapter,AbstractHandlerMethodAdapter.java,handle,80]\n在 [org.springframework.web.servlet.mvc.method.annotation.RequestMappingHandlerAdapter,RequestMappingHandlerAdapter.java,handleInternal,686]\n在 [org.springframework.web.servlet.mvc.method.annotation.RequestMappingHandlerAdapter,RequestMappingHandlerAdapter.java,invokeHandleMethod,745]\n在 [org.springframework.web.servlet.mvc.method.annotation.ServletInvocableHandlerMethod,ServletInvocableHandlerMethod.java,invokeAndHandle,104]\n在 [org.springframework.web.method.support.InvocableHandlerMethod,InvocableHandlerMethod.java,invokeForRequest,132]\n在 [org.springframework.web.method.support.InvocableHandlerMethod,InvocableHandlerMethod.java,invoke,219]\n在 [java.lang.reflect.Method,Method.java,invoke,597]\n在 [sun.reflect.DelegatingMethodAccessorImpl,DelegatingMethodAccessorImpl.java,invoke,25]\n在 [sun.reflect.NativeMethodAccessorImpl,NativeMethodAccessorImpl.java,invoke,39]\n在 [sun.reflect.NativeMethodAccessorImpl,NativeMethodAccessorImpl.java,invoke0,-2]\n在 [com.tandaly.system.admin.actions.ParamsController,ParamsController.java,addParams,39]\n在 [org.springframework.ui.ExtendedModelMap,ExtendedModelMap.java,addAttribute,29]\n在 [org.springframework.ui.ExtendedModelMap,ExtendedModelMap.java,addAttribute,40]\n在 [org.springframework.ui.ModelMap,ModelMap.java,addAttribute,91]\n在 [org.springframework.util.Assert,Assert.java,notNull,112]\n','2013-07-08 16:27:40'),(17,'org.springframework.util.Assert','notNull','java.lang.IllegalArgumentException: Model object must not be null\n在 [java.lang.Thread,Thread.java,run,619]\n在 [org.apache.tomcat.util.net.JIoEndpoint$Worker,JIoEndpoint.java,run,447]\n在 [org.apache.coyote.http11.Http11Protocol$Http11ConnectionHandler,Http11Protocol.java,process,583]\n在 [org.apache.coyote.http11.Http11Processor,Http11Processor.java,process,844]\n在 [org.apache.catalina.connector.CoyoteAdapter,CoyoteAdapter.java,service,286]\n在 [org.apache.catalina.core.StandardEngineValve,StandardEngineValve.java,invoke,109]\n在 [org.apache.catalina.valves.ErrorReportValve,ErrorReportValve.java,invoke,102]\n在 [org.apache.catalina.core.StandardHostValve,StandardHostValve.java,invoke,128]\n在 [org.apache.catalina.core.StandardContextValve,StandardContextValve.java,invoke,175]\n在 [org.apache.catalina.core.StandardWrapperValve,StandardWrapperValve.java,invoke,233]\n在 [org.apache.catalina.core.ApplicationFilterChain,ApplicationFilterChain.java,doFilter,206]\n在 [org.apache.catalina.core.ApplicationFilterChain,ApplicationFilterChain.java,internalDoFilter,235]\n在 [org.springframework.web.filter.OncePerRequestFilter,OncePerRequestFilter.java,doFilter,107]\n在 [org.springframework.web.filter.CharacterEncodingFilter,CharacterEncodingFilter.java,doFilterInternal,88]\n在 [org.apache.catalina.core.ApplicationFilterChain,ApplicationFilterChain.java,doFilter,206]\n在 [org.apache.catalina.core.ApplicationFilterChain,ApplicationFilterChain.java,internalDoFilter,235]\n在 [com.tandaly.core.web.filter.RequestFilter,RequestFilter.java,doFilter,71]\n在 [org.apache.catalina.core.ApplicationFilterChain,ApplicationFilterChain.java,doFilter,206]\n在 [org.apache.catalina.core.ApplicationFilterChain,ApplicationFilterChain.java,internalDoFilter,290]\n在 [javax.servlet.http.HttpServlet,HttpServlet.java,service,803]\n在 [org.springframework.web.servlet.FrameworkServlet,FrameworkServlet.java,service,812]\n在 [javax.servlet.http.HttpServlet,HttpServlet.java,service,690]\n在 [org.springframework.web.servlet.FrameworkServlet,FrameworkServlet.java,doGet,827]\n在 [org.springframework.web.servlet.FrameworkServlet,FrameworkServlet.java,processRequest,936]\n在 [org.springframework.web.servlet.DispatcherServlet,DispatcherServlet.java,doService,856]\n在 [org.springframework.web.servlet.DispatcherServlet,DispatcherServlet.java,doDispatch,925]\n在 [org.springframework.web.servlet.mvc.method.AbstractHandlerMethodAdapter,AbstractHandlerMethodAdapter.java,handle,80]\n在 [org.springframework.web.servlet.mvc.method.annotation.RequestMappingHandlerAdapter,RequestMappingHandlerAdapter.java,handleInternal,686]\n在 [org.springframework.web.servlet.mvc.method.annotation.RequestMappingHandlerAdapter,RequestMappingHandlerAdapter.java,invokeHandleMethod,745]\n在 [org.springframework.web.servlet.mvc.method.annotation.ServletInvocableHandlerMethod,ServletInvocableHandlerMethod.java,invokeAndHandle,104]\n在 [org.springframework.web.method.support.InvocableHandlerMethod,InvocableHandlerMethod.java,invokeForRequest,132]\n在 [org.springframework.web.method.support.InvocableHandlerMethod,InvocableHandlerMethod.java,invoke,219]\n在 [java.lang.reflect.Method,Method.java,invoke,597]\n在 [sun.reflect.DelegatingMethodAccessorImpl,DelegatingMethodAccessorImpl.java,invoke,25]\n在 [sun.reflect.NativeMethodAccessorImpl,NativeMethodAccessorImpl.java,invoke,39]\n在 [sun.reflect.NativeMethodAccessorImpl,NativeMethodAccessorImpl.java,invoke0,-2]\n在 [com.tandaly.system.admin.actions.ParamsController,ParamsController.java,addParams,39]\n在 [org.springframework.ui.ExtendedModelMap,ExtendedModelMap.java,addAttribute,29]\n在 [org.springframework.ui.ExtendedModelMap,ExtendedModelMap.java,addAttribute,40]\n在 [org.springframework.ui.ModelMap,ModelMap.java,addAttribute,91]\n在 [org.springframework.util.Assert,Assert.java,notNull,112]\n','2013-07-08 16:28:25'),(18,'com.tandaly.system.admin.actions.ParamsController','addParams','java.lang.IllegalArgumentException: Model object must not be null\n在 [java.lang.Thread,Thread.java,run,619]\n在 [org.apache.tomcat.util.net.JIoEndpoint$Worker,JIoEndpoint.java,run,447]\n在 [org.apache.coyote.http11.Http11Protocol$Http11ConnectionHandler,Http11Protocol.java,process,583]\n在 [org.apache.coyote.http11.Http11Processor,Http11Processor.java,process,844]\n在 [org.apache.catalina.connector.CoyoteAdapter,CoyoteAdapter.java,service,286]\n在 [org.apache.catalina.core.StandardEngineValve,StandardEngineValve.java,invoke,109]\n在 [org.apache.catalina.valves.ErrorReportValve,ErrorReportValve.java,invoke,102]\n在 [org.apache.catalina.core.StandardHostValve,StandardHostValve.java,invoke,128]\n在 [org.apache.catalina.core.StandardContextValve,StandardContextValve.java,invoke,175]\n在 [org.apache.catalina.core.StandardWrapperValve,StandardWrapperValve.java,invoke,233]\n在 [org.apache.catalina.core.ApplicationFilterChain,ApplicationFilterChain.java,doFilter,206]\n在 [org.apache.catalina.core.ApplicationFilterChain,ApplicationFilterChain.java,internalDoFilter,235]\n在 [org.springframework.web.filter.OncePerRequestFilter,OncePerRequestFilter.java,doFilter,107]\n在 [org.springframework.web.filter.CharacterEncodingFilter,CharacterEncodingFilter.java,doFilterInternal,88]\n在 [org.apache.catalina.core.ApplicationFilterChain,ApplicationFilterChain.java,doFilter,206]\n在 [org.apache.catalina.core.ApplicationFilterChain,ApplicationFilterChain.java,internalDoFilter,235]\n在 [com.tandaly.core.web.filter.RequestFilter,RequestFilter.java,doFilter,71]\n在 [org.apache.catalina.core.ApplicationFilterChain,ApplicationFilterChain.java,doFilter,206]\n在 [org.apache.catalina.core.ApplicationFilterChain,ApplicationFilterChain.java,internalDoFilter,290]\n在 [javax.servlet.http.HttpServlet,HttpServlet.java,service,803]\n在 [org.springframework.web.servlet.FrameworkServlet,FrameworkServlet.java,service,812]\n在 [javax.servlet.http.HttpServlet,HttpServlet.java,service,690]\n在 [org.springframework.web.servlet.FrameworkServlet,FrameworkServlet.java,doGet,827]\n在 [org.springframework.web.servlet.FrameworkServlet,FrameworkServlet.java,processRequest,936]\n在 [org.springframework.web.servlet.DispatcherServlet,DispatcherServlet.java,doService,856]\n在 [org.springframework.web.servlet.DispatcherServlet,DispatcherServlet.java,doDispatch,925]\n在 [org.springframework.web.servlet.mvc.method.AbstractHandlerMethodAdapter,AbstractHandlerMethodAdapter.java,handle,80]\n在 [org.springframework.web.servlet.mvc.method.annotation.RequestMappingHandlerAdapter,RequestMappingHandlerAdapter.java,handleInternal,686]\n在 [org.springframework.web.servlet.mvc.method.annotation.RequestMappingHandlerAdapter,RequestMappingHandlerAdapter.java,invokeHandleMethod,745]\n在 [org.springframework.web.servlet.mvc.method.annotation.ServletInvocableHandlerMethod,ServletInvocableHandlerMethod.java,invokeAndHandle,104]\n在 [org.springframework.web.method.support.InvocableHandlerMethod,InvocableHandlerMethod.java,invokeForRequest,132]\n在 [org.springframework.web.method.support.InvocableHandlerMethod,InvocableHandlerMethod.java,invoke,219]\n在 [java.lang.reflect.Method,Method.java,invoke,597]\n在 [sun.reflect.DelegatingMethodAccessorImpl,DelegatingMethodAccessorImpl.java,invoke,25]\n在 [sun.reflect.NativeMethodAccessorImpl,NativeMethodAccessorImpl.java,invoke,39]\n在 [sun.reflect.NativeMethodAccessorImpl,NativeMethodAccessorImpl.java,invoke0,-2]\n在 [com.tandaly.system.admin.actions.ParamsController,ParamsController.java,addParams,39]\n在 [org.springframework.ui.ExtendedModelMap,ExtendedModelMap.java,addAttribute,29]\n在 [org.springframework.ui.ExtendedModelMap,ExtendedModelMap.java,addAttribute,40]\n在 [org.springframework.ui.ModelMap,ModelMap.java,addAttribute,91]\n在 [org.springframework.util.Assert,Assert.java,notNull,112]\n','2013-07-08 16:29:32'),(19,'com.tandaly.system.admin.actions.ParamsController','addParams','java.lang.IllegalArgumentException: Model object must not be null\n在 [java.lang.Thread,Thread.java,run,619]\n在 [org.apache.tomcat.util.net.JIoEndpoint$Worker,JIoEndpoint.java,run,447]\n在 [org.apache.coyote.http11.Http11Protocol$Http11ConnectionHandler,Http11Protocol.java,process,583]\n在 [org.apache.coyote.http11.Http11Processor,Http11Processor.java,process,844]\n在 [org.apache.catalina.connector.CoyoteAdapter,CoyoteAdapter.java,service,286]\n在 [org.apache.catalina.core.StandardEngineValve,StandardEngineValve.java,invoke,109]\n在 [org.apache.catalina.valves.ErrorReportValve,ErrorReportValve.java,invoke,102]\n在 [org.apache.catalina.core.StandardHostValve,StandardHostValve.java,invoke,128]\n在 [org.apache.catalina.core.StandardContextValve,StandardContextValve.java,invoke,175]\n在 [org.apache.catalina.core.StandardWrapperValve,StandardWrapperValve.java,invoke,233]\n在 [org.apache.catalina.core.ApplicationFilterChain,ApplicationFilterChain.java,doFilter,206]\n在 [org.apache.catalina.core.ApplicationFilterChain,ApplicationFilterChain.java,internalDoFilter,235]\n在 [org.springframework.web.filter.OncePerRequestFilter,OncePerRequestFilter.java,doFilter,107]\n在 [org.springframework.web.filter.CharacterEncodingFilter,CharacterEncodingFilter.java,doFilterInternal,88]\n在 [org.apache.catalina.core.ApplicationFilterChain,ApplicationFilterChain.java,doFilter,206]\n在 [org.apache.catalina.core.ApplicationFilterChain,ApplicationFilterChain.java,internalDoFilter,235]\n在 [com.tandaly.core.web.filter.RequestFilter,RequestFilter.java,doFilter,71]\n在 [org.apache.catalina.core.ApplicationFilterChain,ApplicationFilterChain.java,doFilter,206]\n在 [org.apache.catalina.core.ApplicationFilterChain,ApplicationFilterChain.java,internalDoFilter,290]\n在 [javax.servlet.http.HttpServlet,HttpServlet.java,service,803]\n在 [org.springframework.web.servlet.FrameworkServlet,FrameworkServlet.java,service,812]\n在 [javax.servlet.http.HttpServlet,HttpServlet.java,service,690]\n在 [org.springframework.web.servlet.FrameworkServlet,FrameworkServlet.java,doGet,827]\n在 [org.springframework.web.servlet.FrameworkServlet,FrameworkServlet.java,processRequest,936]\n在 [org.springframework.web.servlet.DispatcherServlet,DispatcherServlet.java,doService,856]\n在 [org.springframework.web.servlet.DispatcherServlet,DispatcherServlet.java,doDispatch,925]\n在 [org.springframework.web.servlet.mvc.method.AbstractHandlerMethodAdapter,AbstractHandlerMethodAdapter.java,handle,80]\n在 [org.springframework.web.servlet.mvc.method.annotation.RequestMappingHandlerAdapter,RequestMappingHandlerAdapter.java,handleInternal,686]\n在 [org.springframework.web.servlet.mvc.method.annotation.RequestMappingHandlerAdapter,RequestMappingHandlerAdapter.java,invokeHandleMethod,745]\n在 [org.springframework.web.servlet.mvc.method.annotation.ServletInvocableHandlerMethod,ServletInvocableHandlerMethod.java,invokeAndHandle,104]\n在 [org.springframework.web.method.support.InvocableHandlerMethod,InvocableHandlerMethod.java,invokeForRequest,132]\n在 [org.springframework.web.method.support.InvocableHandlerMethod,InvocableHandlerMethod.java,invoke,219]\n在 [java.lang.reflect.Method,Method.java,invoke,597]\n在 [sun.reflect.DelegatingMethodAccessorImpl,DelegatingMethodAccessorImpl.java,invoke,25]\n在 [sun.reflect.NativeMethodAccessorImpl,NativeMethodAccessorImpl.java,invoke,39]\n在 [sun.reflect.NativeMethodAccessorImpl,NativeMethodAccessorImpl.java,invoke0,-2]\n在 [com.tandaly.system.admin.actions.ParamsController,ParamsController.java,addParams,39]\n在 [org.springframework.ui.ExtendedModelMap,ExtendedModelMap.java,addAttribute,29]\n在 [org.springframework.ui.ExtendedModelMap,ExtendedModelMap.java,addAttribute,40]\n在 [org.springframework.ui.ModelMap,ModelMap.java,addAttribute,91]\n在 [org.springframework.util.Assert,Assert.java,notNull,112]\n','2013-07-08 16:29:53'),(20,'com.tandaly.system.admin.actions.ParamsController','addParams','java.lang.IllegalArgumentException: Model object must not be null\n在 [java.lang.Thread,Thread.java,run,619]\n在 [org.apache.tomcat.util.net.JIoEndpoint$Worker,JIoEndpoint.java,run,447]\n在 [org.apache.coyote.http11.Http11Protocol$Http11ConnectionHandler,Http11Protocol.java,process,583]\n在 [org.apache.coyote.http11.Http11Processor,Http11Processor.java,process,844]\n在 [org.apache.catalina.connector.CoyoteAdapter,CoyoteAdapter.java,service,286]\n在 [org.apache.catalina.core.StandardEngineValve,StandardEngineValve.java,invoke,109]\n在 [org.apache.catalina.valves.ErrorReportValve,ErrorReportValve.java,invoke,102]\n在 [org.apache.catalina.core.StandardHostValve,StandardHostValve.java,invoke,128]\n在 [org.apache.catalina.core.StandardContextValve,StandardContextValve.java,invoke,175]\n在 [org.apache.catalina.core.StandardWrapperValve,StandardWrapperValve.java,invoke,233]\n在 [org.apache.catalina.core.ApplicationFilterChain,ApplicationFilterChain.java,doFilter,206]\n在 [org.apache.catalina.core.ApplicationFilterChain,ApplicationFilterChain.java,internalDoFilter,235]\n在 [org.springframework.web.filter.OncePerRequestFilter,OncePerRequestFilter.java,doFilter,107]\n在 [org.springframework.web.filter.CharacterEncodingFilter,CharacterEncodingFilter.java,doFilterInternal,88]\n在 [org.apache.catalina.core.ApplicationFilterChain,ApplicationFilterChain.java,doFilter,206]\n在 [org.apache.catalina.core.ApplicationFilterChain,ApplicationFilterChain.java,internalDoFilter,235]\n在 [com.tandaly.core.web.filter.RequestFilter,RequestFilter.java,doFilter,71]\n在 [org.apache.catalina.core.ApplicationFilterChain,ApplicationFilterChain.java,doFilter,206]\n在 [org.apache.catalina.core.ApplicationFilterChain,ApplicationFilterChain.java,internalDoFilter,290]\n在 [javax.servlet.http.HttpServlet,HttpServlet.java,service,803]\n在 [org.springframework.web.servlet.FrameworkServlet,FrameworkServlet.java,service,812]\n在 [javax.servlet.http.HttpServlet,HttpServlet.java,service,690]\n在 [org.springframework.web.servlet.FrameworkServlet,FrameworkServlet.java,doGet,827]\n在 [org.springframework.web.servlet.FrameworkServlet,FrameworkServlet.java,processRequest,936]\n在 [org.springframework.web.servlet.DispatcherServlet,DispatcherServlet.java,doService,856]\n在 [org.springframework.web.servlet.DispatcherServlet,DispatcherServlet.java,doDispatch,925]\n在 [org.springframework.web.servlet.mvc.method.AbstractHandlerMethodAdapter,AbstractHandlerMethodAdapter.java,handle,80]\n在 [org.springframework.web.servlet.mvc.method.annotation.RequestMappingHandlerAdapter,RequestMappingHandlerAdapter.java,handleInternal,686]\n在 [org.springframework.web.servlet.mvc.method.annotation.RequestMappingHandlerAdapter,RequestMappingHandlerAdapter.java,invokeHandleMethod,745]\n在 [org.springframework.web.servlet.mvc.method.annotation.ServletInvocableHandlerMethod,ServletInvocableHandlerMethod.java,invokeAndHandle,104]\n在 [org.springframework.web.method.support.InvocableHandlerMethod,InvocableHandlerMethod.java,invokeForRequest,132]\n在 [org.springframework.web.method.support.InvocableHandlerMethod,InvocableHandlerMethod.java,invoke,219]\n在 [java.lang.reflect.Method,Method.java,invoke,597]\n在 [sun.reflect.DelegatingMethodAccessorImpl,DelegatingMethodAccessorImpl.java,invoke,25]\n在 [sun.reflect.NativeMethodAccessorImpl,NativeMethodAccessorImpl.java,invoke,39]\n在 [sun.reflect.NativeMethodAccessorImpl,NativeMethodAccessorImpl.java,invoke0,-2]\n在 [com.tandaly.system.admin.actions.ParamsController,ParamsController.java,addParams,39]\n在 [org.springframework.ui.ExtendedModelMap,ExtendedModelMap.java,addAttribute,29]\n在 [org.springframework.ui.ExtendedModelMap,ExtendedModelMap.java,addAttribute,40]\n在 [org.springframework.ui.ModelMap,ModelMap.java,addAttribute,91]\n在 [org.springframework.util.Assert,Assert.java,notNull,112]\n','2013-07-08 16:34:18'),(21,'com.tandaly.system.admin.actions.ParamsController','ajaxUpdateParams','org.springframework.jdbc.BadSqlGrammarException: \r\n### Error updating database.  Cause: com.mysql.jdbc.exceptions.jdbc4.MySQLSyntaxErrorException: You have an error in your SQL syntax; check the manual that corresponds to your MySQL server version for the right syntax to use near \'WHERE id = null\' at line 3\r\n### The error may involve com.tandaly.system.admin.dao.ParamsDao.update-Inline\r\n### The error occurred while setting parameters\r\n### SQL: UPDATE t_sys_params        WHERE id = ?\r\n### Cause: com.mysql.jdbc.exceptions.jdbc4.MySQLSyntaxErrorException: You have an error in your SQL syntax; check the manual that corresponds to your MySQL server version for the right syntax to use near \'WHERE id = null\' at line 3\n; bad SQL grammar []; nested exception is com.mysql.jdbc.exceptions.jdbc4.MySQLSyntaxErrorException: You have an error in your SQL syntax; check the manual that corresponds to your MySQL server version for the right syntax to use near \'WHERE id = null\' at line 3\n在 [java.lang.Thread,Thread.java,run,619]\n在 [org.apache.tomcat.util.net.JIoEndpoint$Worker,JIoEndpoint.java,run,447]\n在 [org.apache.coyote.http11.Http11Protocol$Http11ConnectionHandler,Http11Protocol.java,process,583]\n在 [org.apache.coyote.http11.Http11Processor,Http11Processor.java,process,844]\n在 [org.apache.catalina.connector.CoyoteAdapter,CoyoteAdapter.java,service,286]\n在 [org.apache.catalina.core.StandardEngineValve,StandardEngineValve.java,invoke,109]\n在 [org.apache.catalina.valves.ErrorReportValve,ErrorReportValve.java,invoke,102]\n在 [org.apache.catalina.core.StandardHostValve,StandardHostValve.java,invoke,128]\n在 [org.apache.catalina.core.StandardContextValve,StandardContextValve.java,invoke,175]\n在 [org.apache.catalina.core.StandardWrapperValve,StandardWrapperValve.java,invoke,233]\n在 [org.apache.catalina.core.ApplicationFilterChain,ApplicationFilterChain.java,doFilter,206]\n在 [org.apache.catalina.core.ApplicationFilterChain,ApplicationFilterChain.java,internalDoFilter,235]\n在 [org.springframework.web.filter.OncePerRequestFilter,OncePerRequestFilter.java,doFilter,107]\n在 [org.springframework.web.filter.CharacterEncodingFilter,CharacterEncodingFilter.java,doFilterInternal,88]\n在 [org.apache.catalina.core.ApplicationFilterChain,ApplicationFilterChain.java,doFilter,206]\n在 [org.apache.catalina.core.ApplicationFilterChain,ApplicationFilterChain.java,internalDoFilter,235]\n在 [com.tandaly.core.web.filter.RequestFilter,RequestFilter.java,doFilter,71]\n在 [org.apache.catalina.core.ApplicationFilterChain,ApplicationFilterChain.java,doFilter,206]\n在 [org.apache.catalina.core.ApplicationFilterChain,ApplicationFilterChain.java,internalDoFilter,290]\n在 [javax.servlet.http.HttpServlet,HttpServlet.java,service,803]\n在 [org.springframework.web.servlet.FrameworkServlet,FrameworkServlet.java,service,812]\n在 [javax.servlet.http.HttpServlet,HttpServlet.java,service,710]\n在 [org.springframework.web.servlet.FrameworkServlet,FrameworkServlet.java,doPost,838]\n在 [org.springframework.web.servlet.FrameworkServlet,FrameworkServlet.java,processRequest,936]\n在 [org.springframework.web.servlet.DispatcherServlet,DispatcherServlet.java,doService,856]\n在 [org.springframework.web.servlet.DispatcherServlet,DispatcherServlet.java,doDispatch,925]\n在 [org.springframework.web.servlet.mvc.method.AbstractHandlerMethodAdapter,AbstractHandlerMethodAdapter.java,handle,80]\n在 [org.springframework.web.servlet.mvc.method.annotation.RequestMappingHandlerAdapter,RequestMappingHandlerAdapter.java,handleInternal,686]\n在 [org.springframework.web.servlet.mvc.method.annotation.RequestMappingHandlerAdapter,RequestMappingHandlerAdapter.java,invokeHandleMethod,745]\n在 [org.springframework.web.servlet.mvc.method.annotation.ServletInvocableHandlerMethod,ServletInvocableHandlerMethod.java,invokeAndHandle,104]\n在 [org.springframework.web.method.support.InvocableHandlerMethod,InvocableHandlerMethod.java,invokeForRequest,132]\n在 [org.springframework.web.method.support.InvocableHandlerMethod,InvocableHandlerMethod.java,invoke,219]\n在 [java.lang.reflect.Method,Method.java,invoke,597]\n在 [sun.reflect.DelegatingMethodAccessorImpl,DelegatingMethodAccessorImpl.java,invoke,25]\n在 [sun.reflect.NativeMethodAccessorImpl,NativeMethodAccessorImpl.java,invoke,39]\n在 [sun.reflect.NativeMethodAccessorImpl,NativeMethodAccessorImpl.java,invoke0,-2]\n在 [com.tandaly.system.admin.actions.ParamsController,ParamsController.java,ajaxUpdateParams,109]\n在 [com.tandaly.system.admin.service.ParamsService$$EnhancerByCGLIB$$899db852,<generated>,updateParams,-1]\n在 [org.springframework.aop.framework.CglibAopProxy$DynamicAdvisedInterceptor,CglibAopProxy.java,intercept,631]\n在 [org.springframework.aop.framework.ReflectiveMethodInvocation,ReflectiveMethodInvocation.java,proceed,172]\n在 [org.springframework.transaction.interceptor.TransactionInterceptor,TransactionInterceptor.java,invoke,94]\n在 [org.springframework.transaction.interceptor.TransactionAspectSupport,TransactionAspectSupport.java,invokeWithinTransaction,260]\n在 [org.springframework.transaction.interceptor.TransactionInterceptor$1,TransactionInterceptor.java,proceedWithInvocation,96]\n在 [org.springframework.aop.framework.ReflectiveMethodInvocation,ReflectiveMethodInvocation.java,proceed,150]\n在 [org.springframework.aop.framework.CglibAopProxy$CglibMethodInvocation,CglibAopProxy.java,invokeJoinpoint,698]\n在 [org.springframework.cglib.proxy.MethodProxy,MethodProxy.java,invoke,204]\n在 [com.tandaly.system.admin.service.ParamsService$$FastClassByCGLIB$$8b34df88,<generated>,invoke,-1]\n在 [com.tandaly.system.admin.service.ParamsService,ParamsService.java,updateParams,74]\n在 [$Proxy79,null,update,-1]\n在 [org.apache.ibatis.binding.MapperProxy,MapperProxy.java,invoke,43]\n在 [org.apache.ibatis.binding.MapperMethod,MapperMethod.java,execute,49]\n在 [org.mybatis.spring.SqlSessionTemplate,SqlSessionTemplate.java,update,250]\n在 [$Proxy72,null,update,-1]\n在 [org.mybatis.spring.SqlSessionTemplate$SqlSessionInterceptor,SqlSessionTemplate.java,invoke,364]\n在 [org.mybatis.spring.MyBatisExceptionTranslator,MyBatisExceptionTranslator.java,translateExceptionIfPossible,71]\n在 [org.springframework.jdbc.support.AbstractFallbackSQLExceptionTranslator,AbstractFallbackSQLExceptionTranslator.java,translate,72]\n在 [org.springframework.jdbc.support.SQLErrorCodeSQLExceptionTranslator,SQLErrorCodeSQLExceptionTranslator.java,doTranslate,237]\n','2013-07-08 16:36:42'),(22,'com.tandaly.system.admin.actions.ParamsController','ajaxUpdateParams','org.springframework.jdbc.BadSqlGrammarException: \r\n### Error updating database.  Cause: com.mysql.jdbc.exceptions.jdbc4.MySQLSyntaxErrorException: You have an error in your SQL syntax; check the manual that corresponds to your MySQL server version for the right syntax to use near \'WHERE id = null\' at line 3\r\n### The error may involve com.tandaly.system.admin.dao.ParamsDao.update-Inline\r\n### The error occurred while setting parameters\r\n### SQL: UPDATE t_sys_params        WHERE id = ?\r\n### Cause: com.mysql.jdbc.exceptions.jdbc4.MySQLSyntaxErrorException: You have an error in your SQL syntax; check the manual that corresponds to your MySQL server version for the right syntax to use near \'WHERE id = null\' at line 3\n; bad SQL grammar []; nested exception is com.mysql.jdbc.exceptions.jdbc4.MySQLSyntaxErrorException: You have an error in your SQL syntax; check the manual that corresponds to your MySQL server version for the right syntax to use near \'WHERE id = null\' at line 3\n在 [java.lang.Thread,Thread.java,run,619]\n在 [org.apache.tomcat.util.net.JIoEndpoint$Worker,JIoEndpoint.java,run,447]\n在 [org.apache.coyote.http11.Http11Protocol$Http11ConnectionHandler,Http11Protocol.java,process,583]\n在 [org.apache.coyote.http11.Http11Processor,Http11Processor.java,process,844]\n在 [org.apache.catalina.connector.CoyoteAdapter,CoyoteAdapter.java,service,286]\n在 [org.apache.catalina.core.StandardEngineValve,StandardEngineValve.java,invoke,109]\n在 [org.apache.catalina.valves.ErrorReportValve,ErrorReportValve.java,invoke,102]\n在 [org.apache.catalina.core.StandardHostValve,StandardHostValve.java,invoke,128]\n在 [org.apache.catalina.core.StandardContextValve,StandardContextValve.java,invoke,175]\n在 [org.apache.catalina.core.StandardWrapperValve,StandardWrapperValve.java,invoke,233]\n在 [org.apache.catalina.core.ApplicationFilterChain,ApplicationFilterChain.java,doFilter,206]\n在 [org.apache.catalina.core.ApplicationFilterChain,ApplicationFilterChain.java,internalDoFilter,235]\n在 [org.springframework.web.filter.OncePerRequestFilter,OncePerRequestFilter.java,doFilter,107]\n在 [org.springframework.web.filter.CharacterEncodingFilter,CharacterEncodingFilter.java,doFilterInternal,88]\n在 [org.apache.catalina.core.ApplicationFilterChain,ApplicationFilterChain.java,doFilter,206]\n在 [org.apache.catalina.core.ApplicationFilterChain,ApplicationFilterChain.java,internalDoFilter,235]\n在 [com.tandaly.core.web.filter.RequestFilter,RequestFilter.java,doFilter,71]\n在 [org.apache.catalina.core.ApplicationFilterChain,ApplicationFilterChain.java,doFilter,206]\n在 [org.apache.catalina.core.ApplicationFilterChain,ApplicationFilterChain.java,internalDoFilter,290]\n在 [javax.servlet.http.HttpServlet,HttpServlet.java,service,803]\n在 [org.springframework.web.servlet.FrameworkServlet,FrameworkServlet.java,service,812]\n在 [javax.servlet.http.HttpServlet,HttpServlet.java,service,710]\n在 [org.springframework.web.servlet.FrameworkServlet,FrameworkServlet.java,doPost,838]\n在 [org.springframework.web.servlet.FrameworkServlet,FrameworkServlet.java,processRequest,936]\n在 [org.springframework.web.servlet.DispatcherServlet,DispatcherServlet.java,doService,856]\n在 [org.springframework.web.servlet.DispatcherServlet,DispatcherServlet.java,doDispatch,925]\n在 [org.springframework.web.servlet.mvc.method.AbstractHandlerMethodAdapter,AbstractHandlerMethodAdapter.java,handle,80]\n在 [org.springframework.web.servlet.mvc.method.annotation.RequestMappingHandlerAdapter,RequestMappingHandlerAdapter.java,handleInternal,686]\n在 [org.springframework.web.servlet.mvc.method.annotation.RequestMappingHandlerAdapter,RequestMappingHandlerAdapter.java,invokeHandleMethod,745]\n在 [org.springframework.web.servlet.mvc.method.annotation.ServletInvocableHandlerMethod,ServletInvocableHandlerMethod.java,invokeAndHandle,104]\n在 [org.springframework.web.method.support.InvocableHandlerMethod,InvocableHandlerMethod.java,invokeForRequest,132]\n在 [org.springframework.web.method.support.InvocableHandlerMethod,InvocableHandlerMethod.java,invoke,219]\n在 [java.lang.reflect.Method,Method.java,invoke,597]\n在 [sun.reflect.DelegatingMethodAccessorImpl,DelegatingMethodAccessorImpl.java,invoke,25]\n在 [sun.reflect.NativeMethodAccessorImpl,NativeMethodAccessorImpl.java,invoke,39]\n在 [sun.reflect.NativeMethodAccessorImpl,NativeMethodAccessorImpl.java,invoke0,-2]\n在 [com.tandaly.system.admin.actions.ParamsController,ParamsController.java,ajaxUpdateParams,109]\n在 [com.tandaly.system.admin.service.ParamsService$$EnhancerByCGLIB$$899db852,<generated>,updateParams,-1]\n在 [org.springframework.aop.framework.CglibAopProxy$DynamicAdvisedInterceptor,CglibAopProxy.java,intercept,631]\n在 [org.springframework.aop.framework.ReflectiveMethodInvocation,ReflectiveMethodInvocation.java,proceed,172]\n在 [org.springframework.transaction.interceptor.TransactionInterceptor,TransactionInterceptor.java,invoke,94]\n在 [org.springframework.transaction.interceptor.TransactionAspectSupport,TransactionAspectSupport.java,invokeWithinTransaction,260]\n在 [org.springframework.transaction.interceptor.TransactionInterceptor$1,TransactionInterceptor.java,proceedWithInvocation,96]\n在 [org.springframework.aop.framework.ReflectiveMethodInvocation,ReflectiveMethodInvocation.java,proceed,150]\n在 [org.springframework.aop.framework.CglibAopProxy$CglibMethodInvocation,CglibAopProxy.java,invokeJoinpoint,698]\n在 [org.springframework.cglib.proxy.MethodProxy,MethodProxy.java,invoke,204]\n在 [com.tandaly.system.admin.service.ParamsService$$FastClassByCGLIB$$8b34df88,<generated>,invoke,-1]\n在 [com.tandaly.system.admin.service.ParamsService,ParamsService.java,updateParams,74]\n在 [$Proxy79,null,update,-1]\n在 [org.apache.ibatis.binding.MapperProxy,MapperProxy.java,invoke,43]\n在 [org.apache.ibatis.binding.MapperMethod,MapperMethod.java,execute,49]\n在 [org.mybatis.spring.SqlSessionTemplate,SqlSessionTemplate.java,update,250]\n在 [$Proxy72,null,update,-1]\n在 [org.mybatis.spring.SqlSessionTemplate$SqlSessionInterceptor,SqlSessionTemplate.java,invoke,364]\n在 [org.mybatis.spring.MyBatisExceptionTranslator,MyBatisExceptionTranslator.java,translateExceptionIfPossible,71]\n在 [org.springframework.jdbc.support.AbstractFallbackSQLExceptionTranslator,AbstractFallbackSQLExceptionTranslator.java,translate,72]\n在 [org.springframework.jdbc.support.SQLErrorCodeSQLExceptionTranslator,SQLErrorCodeSQLExceptionTranslator.java,doTranslate,237]\n','2013-07-08 16:41:24'),(23,'com.tandaly.system.admin.service.ParamsService','updateParams','org.springframework.jdbc.BadSqlGrammarException: \r\n### Error updating database.  Cause: com.mysql.jdbc.exceptions.jdbc4.MySQLSyntaxErrorException: You have an error in your SQL syntax; check the manual that corresponds to your MySQL server version for the right syntax to use near \'WHERE id = null\' at line 3\r\n### The error may involve com.tandaly.system.admin.dao.ParamsDao.update-Inline\r\n### The error occurred while setting parameters\r\n### SQL: UPDATE t_sys_params        WHERE id = ?\r\n### Cause: com.mysql.jdbc.exceptions.jdbc4.MySQLSyntaxErrorException: You have an error in your SQL syntax; check the manual that corresponds to your MySQL server version for the right syntax to use near \'WHERE id = null\' at line 3\n; bad SQL grammar []; nested exception is com.mysql.jdbc.exceptions.jdbc4.MySQLSyntaxErrorException: You have an error in your SQL syntax; check the manual that corresponds to your MySQL server version for the right syntax to use near \'WHERE id = null\' at line 3\n在 [org.springframework.jdbc.support.SQLErrorCodeSQLExceptionTranslator,SQLErrorCodeSQLExceptionTranslator.java,doTranslate,237]\n在 [org.springframework.jdbc.support.AbstractFallbackSQLExceptionTranslator,AbstractFallbackSQLExceptionTranslator.java,translate,72]\n在 [org.mybatis.spring.MyBatisExceptionTranslator,MyBatisExceptionTranslator.java,translateExceptionIfPossible,71]\n在 [org.mybatis.spring.SqlSessionTemplate$SqlSessionInterceptor,SqlSessionTemplate.java,invoke,364]\n在 [$Proxy12,null,update,-1]\n在 [org.mybatis.spring.SqlSessionTemplate,SqlSessionTemplate.java,update,250]\n在 [org.apache.ibatis.binding.MapperMethod,MapperMethod.java,execute,49]\n在 [org.apache.ibatis.binding.MapperProxy,MapperProxy.java,invoke,43]\n在 [$Proxy19,null,update,-1]\n在 [com.tandaly.system.admin.service.ParamsService,ParamsService.java,updateParams,74]\n在 [com.tandaly.system.admin.service.ParamsService$$FastClassByCGLIB$$8b34df88,<generated>,invoke,-1]\n在 [org.springframework.cglib.proxy.MethodProxy,MethodProxy.java,invoke,204]\n在 [org.springframework.aop.framework.CglibAopProxy$CglibMethodInvocation,CglibAopProxy.java,invokeJoinpoint,698]\n在 [org.springframework.aop.framework.ReflectiveMethodInvocation,ReflectiveMethodInvocation.java,proceed,150]\n在 [org.springframework.transaction.interceptor.TransactionInterceptor$1,TransactionInterceptor.java,proceedWithInvocation,96]\n在 [org.springframework.transaction.interceptor.TransactionAspectSupport,TransactionAspectSupport.java,invokeWithinTransaction,260]\n在 [org.springframework.transaction.interceptor.TransactionInterceptor,TransactionInterceptor.java,invoke,94]\n在 [org.springframework.aop.framework.ReflectiveMethodInvocation,ReflectiveMethodInvocation.java,proceed,172]\n在 [org.springframework.aop.framework.CglibAopProxy$DynamicAdvisedInterceptor,CglibAopProxy.java,intercept,631]\n在 [com.tandaly.system.admin.service.ParamsService$$EnhancerByCGLIB$$38e5cf77,<generated>,updateParams,-1]\n在 [com.tandaly.system.admin.actions.ParamsController,ParamsController.java,ajaxUpdateParams,109]\n在 [sun.reflect.NativeMethodAccessorImpl,NativeMethodAccessorImpl.java,invoke0,-2]\n在 [sun.reflect.NativeMethodAccessorImpl,NativeMethodAccessorImpl.java,invoke,39]\n在 [sun.reflect.DelegatingMethodAccessorImpl,DelegatingMethodAccessorImpl.java,invoke,25]\n在 [java.lang.reflect.Method,Method.java,invoke,597]\n在 [org.springframework.web.method.support.InvocableHandlerMethod,InvocableHandlerMethod.java,invoke,219]\n在 [org.springframework.web.method.support.InvocableHandlerMethod,InvocableHandlerMethod.java,invokeForRequest,132]\n在 [org.springframework.web.servlet.mvc.method.annotation.ServletInvocableHandlerMethod,ServletInvocableHandlerMethod.java,invokeAndHandle,104]\n在 [org.springframework.web.servlet.mvc.method.annotation.RequestMappingHandlerAdapter,RequestMappingHandlerAdapter.java,invokeHandleMethod,745]\n在 [org.springframework.web.servlet.mvc.method.annotation.RequestMappingHandlerAdapter,RequestMappingHandlerAdapter.java,handleInternal,686]\n在 [org.springframework.web.servlet.mvc.method.AbstractHandlerMethodAdapter,AbstractHandlerMethodAdapter.java,handle,80]\n在 [org.springframework.web.servlet.DispatcherServlet,DispatcherServlet.java,doDispatch,925]\n在 [org.springframework.web.servlet.DispatcherServlet,DispatcherServlet.java,doService,856]\n在 [org.springframework.web.servlet.FrameworkServlet,FrameworkServlet.java,processRequest,936]\n在 [org.springframework.web.servlet.FrameworkServlet,FrameworkServlet.java,doPost,838]\n在 [javax.servlet.http.HttpServlet,HttpServlet.java,service,710]\n在 [org.springframework.web.servlet.FrameworkServlet,FrameworkServlet.java,service,812]\n在 [javax.servlet.http.HttpServlet,HttpServlet.java,service,803]\n在 [org.apache.catalina.core.ApplicationFilterChain,ApplicationFilterChain.java,internalDoFilter,290]\n在 [org.apache.catalina.core.ApplicationFilterChain,ApplicationFilterChain.java,doFilter,206]\n在 [com.tandaly.core.web.filter.RequestFilter,RequestFilter.java,doFilter,71]\n在 [org.apache.catalina.core.ApplicationFilterChain,ApplicationFilterChain.java,internalDoFilter,235]\n在 [org.apache.catalina.core.ApplicationFilterChain,ApplicationFilterChain.java,doFilter,206]\n在 [org.springframework.web.filter.CharacterEncodingFilter,CharacterEncodingFilter.java,doFilterInternal,88]\n在 [org.springframework.web.filter.OncePerRequestFilter,OncePerRequestFilter.java,doFilter,107]\n在 [org.apache.catalina.core.ApplicationFilterChain,ApplicationFilterChain.java,internalDoFilter,235]\n在 [org.apache.catalina.core.ApplicationFilterChain,ApplicationFilterChain.java,doFilter,206]\n在 [org.apache.catalina.core.StandardWrapperValve,StandardWrapperValve.java,invoke,233]\n在 [org.apache.catalina.core.StandardContextValve,StandardContextValve.java,invoke,175]\n在 [org.apache.catalina.core.StandardHostValve,StandardHostValve.java,invoke,128]\n在 [org.apache.catalina.valves.ErrorReportValve,ErrorReportValve.java,invoke,102]\n在 [org.apache.catalina.core.StandardEngineValve,StandardEngineValve.java,invoke,109]\n在 [org.apache.catalina.connector.CoyoteAdapter,CoyoteAdapter.java,service,286]\n在 [org.apache.coyote.http11.Http11Processor,Http11Processor.java,process,844]\n在 [org.apache.coyote.http11.Http11Protocol$Http11ConnectionHandler,Http11Protocol.java,process,583]\n在 [org.apache.tomcat.util.net.JIoEndpoint$Worker,JIoEndpoint.java,run,447]\n在 [java.lang.Thread,Thread.java,run,619]\n','2013-07-08 16:42:30'),(24,'com.tandaly.system.admin.service.MenuService','updateMenu','java.lang.NumberFormatException: For input string: \"\"\n在 [java.lang.NumberFormatException,NumberFormatException.java,forInputString,48]\n在 [java.lang.Integer,Integer.java,parseInt,468]\n在 [java.lang.Integer,Integer.java,valueOf,553]\n在 [com.tandaly.system.admin.service.MenuService,MenuService.java,updateMenu,144]\n在 [com.tandaly.system.admin.service.MenuService$$FastClassByCGLIB$$25ef67cf,<generated>,invoke,-1]\n在 [org.springframework.cglib.proxy.MethodProxy,MethodProxy.java,invoke,204]\n在 [org.springframework.aop.framework.CglibAopProxy$CglibMethodInvocation,CglibAopProxy.java,invokeJoinpoint,698]\n在 [org.springframework.aop.framework.ReflectiveMethodInvocation,ReflectiveMethodInvocation.java,proceed,150]\n在 [org.springframework.transaction.interceptor.TransactionInterceptor$1,TransactionInterceptor.java,proceedWithInvocation,96]\n在 [org.springframework.transaction.interceptor.TransactionAspectSupport,TransactionAspectSupport.java,invokeWithinTransaction,260]\n在 [org.springframework.transaction.interceptor.TransactionInterceptor,TransactionInterceptor.java,invoke,94]\n在 [org.springframework.aop.framework.ReflectiveMethodInvocation,ReflectiveMethodInvocation.java,proceed,172]\n在 [org.springframework.aop.framework.CglibAopProxy$DynamicAdvisedInterceptor,CglibAopProxy.java,intercept,631]\n在 [com.tandaly.system.admin.service.MenuService$$EnhancerByCGLIB$$4a96d0a1,<generated>,updateMenu,-1]\n在 [com.tandaly.system.admin.actions.MenuController,MenuController.java,ajaxUpdateMenu,134]\n在 [sun.reflect.NativeMethodAccessorImpl,NativeMethodAccessorImpl.java,invoke0,-2]\n在 [sun.reflect.NativeMethodAccessorImpl,NativeMethodAccessorImpl.java,invoke,39]\n在 [sun.reflect.DelegatingMethodAccessorImpl,DelegatingMethodAccessorImpl.java,invoke,25]\n在 [java.lang.reflect.Method,Method.java,invoke,597]\n在 [org.springframework.web.method.support.InvocableHandlerMethod,InvocableHandlerMethod.java,invoke,219]\n在 [org.springframework.web.method.support.InvocableHandlerMethod,InvocableHandlerMethod.java,invokeForRequest,132]\n在 [org.springframework.web.servlet.mvc.method.annotation.ServletInvocableHandlerMethod,ServletInvocableHandlerMethod.java,invokeAndHandle,104]\n在 [org.springframework.web.servlet.mvc.method.annotation.RequestMappingHandlerAdapter,RequestMappingHandlerAdapter.java,invokeHandleMethod,745]\n在 [org.springframework.web.servlet.mvc.method.annotation.RequestMappingHandlerAdapter,RequestMappingHandlerAdapter.java,handleInternal,686]\n在 [org.springframework.web.servlet.mvc.method.AbstractHandlerMethodAdapter,AbstractHandlerMethodAdapter.java,handle,80]\n在 [org.springframework.web.servlet.DispatcherServlet,DispatcherServlet.java,doDispatch,925]\n在 [org.springframework.web.servlet.DispatcherServlet,DispatcherServlet.java,doService,856]\n在 [org.springframework.web.servlet.FrameworkServlet,FrameworkServlet.java,processRequest,936]\n在 [org.springframework.web.servlet.FrameworkServlet,FrameworkServlet.java,doPost,838]\n在 [javax.servlet.http.HttpServlet,HttpServlet.java,service,710]\n在 [org.springframework.web.servlet.FrameworkServlet,FrameworkServlet.java,service,812]\n在 [javax.servlet.http.HttpServlet,HttpServlet.java,service,803]\n在 [org.apache.catalina.core.ApplicationFilterChain,ApplicationFilterChain.java,internalDoFilter,290]\n在 [org.apache.catalina.core.ApplicationFilterChain,ApplicationFilterChain.java,doFilter,206]\n在 [com.tandaly.core.web.filter.RequestFilter,RequestFilter.java,doFilter,71]\n在 [org.apache.catalina.core.ApplicationFilterChain,ApplicationFilterChain.java,internalDoFilter,235]\n在 [org.apache.catalina.core.ApplicationFilterChain,ApplicationFilterChain.java,doFilter,206]\n在 [org.springframework.web.filter.CharacterEncodingFilter,CharacterEncodingFilter.java,doFilterInternal,88]\n在 [org.springframework.web.filter.OncePerRequestFilter,OncePerRequestFilter.java,doFilter,107]\n在 [org.apache.catalina.core.ApplicationFilterChain,ApplicationFilterChain.java,internalDoFilter,235]\n在 [org.apache.catalina.core.ApplicationFilterChain,ApplicationFilterChain.java,doFilter,206]\n在 [org.apache.catalina.core.StandardWrapperValve,StandardWrapperValve.java,invoke,233]\n在 [org.apache.catalina.core.StandardContextValve,StandardContextValve.java,invoke,175]\n在 [org.apache.catalina.core.StandardHostValve,StandardHostValve.java,invoke,128]\n在 [org.apache.catalina.valves.ErrorReportValve,ErrorReportValve.java,invoke,102]\n在 [org.apache.catalina.core.StandardEngineValve,StandardEngineValve.java,invoke,109]\n在 [org.apache.catalina.connector.CoyoteAdapter,CoyoteAdapter.java,service,286]\n在 [org.apache.coyote.http11.Http11Processor,Http11Processor.java,process,844]\n在 [org.apache.coyote.http11.Http11Protocol$Http11ConnectionHandler,Http11Protocol.java,process,583]\n在 [org.apache.tomcat.util.net.JIoEndpoint$Worker,JIoEndpoint.java,run,447]\n在 [java.lang.Thread,Thread.java,run,619]\n','2013-07-12 16:34:47'),(25,'com.tandaly.system.admin.service.MenuService','updateMenu','java.lang.NumberFormatException: For input string: \"\"\n在 [java.lang.NumberFormatException,NumberFormatException.java,forInputString,48]\n在 [java.lang.Integer,Integer.java,parseInt,468]\n在 [java.lang.Integer,Integer.java,valueOf,553]\n在 [com.tandaly.system.admin.service.MenuService,MenuService.java,updateMenu,144]\n在 [com.tandaly.system.admin.service.MenuService$$FastClassByCGLIB$$25ef67cf,<generated>,invoke,-1]\n在 [org.springframework.cglib.proxy.MethodProxy,MethodProxy.java,invoke,204]\n在 [org.springframework.aop.framework.CglibAopProxy$CglibMethodInvocation,CglibAopProxy.java,invokeJoinpoint,698]\n在 [org.springframework.aop.framework.ReflectiveMethodInvocation,ReflectiveMethodInvocation.java,proceed,150]\n在 [org.springframework.transaction.interceptor.TransactionInterceptor$1,TransactionInterceptor.java,proceedWithInvocation,96]\n在 [org.springframework.transaction.interceptor.TransactionAspectSupport,TransactionAspectSupport.java,invokeWithinTransaction,260]\n在 [org.springframework.transaction.interceptor.TransactionInterceptor,TransactionInterceptor.java,invoke,94]\n在 [org.springframework.aop.framework.ReflectiveMethodInvocation,ReflectiveMethodInvocation.java,proceed,172]\n在 [org.springframework.aop.framework.CglibAopProxy$DynamicAdvisedInterceptor,CglibAopProxy.java,intercept,631]\n在 [com.tandaly.system.admin.service.MenuService$$EnhancerByCGLIB$$4a96d0a1,<generated>,updateMenu,-1]\n在 [com.tandaly.system.admin.actions.MenuController,MenuController.java,ajaxUpdateMenu,134]\n在 [sun.reflect.NativeMethodAccessorImpl,NativeMethodAccessorImpl.java,invoke0,-2]\n在 [sun.reflect.NativeMethodAccessorImpl,NativeMethodAccessorImpl.java,invoke,39]\n在 [sun.reflect.DelegatingMethodAccessorImpl,DelegatingMethodAccessorImpl.java,invoke,25]\n在 [java.lang.reflect.Method,Method.java,invoke,597]\n在 [org.springframework.web.method.support.InvocableHandlerMethod,InvocableHandlerMethod.java,invoke,219]\n在 [org.springframework.web.method.support.InvocableHandlerMethod,InvocableHandlerMethod.java,invokeForRequest,132]\n在 [org.springframework.web.servlet.mvc.method.annotation.ServletInvocableHandlerMethod,ServletInvocableHandlerMethod.java,invokeAndHandle,104]\n在 [org.springframework.web.servlet.mvc.method.annotation.RequestMappingHandlerAdapter,RequestMappingHandlerAdapter.java,invokeHandleMethod,745]\n在 [org.springframework.web.servlet.mvc.method.annotation.RequestMappingHandlerAdapter,RequestMappingHandlerAdapter.java,handleInternal,686]\n在 [org.springframework.web.servlet.mvc.method.AbstractHandlerMethodAdapter,AbstractHandlerMethodAdapter.java,handle,80]\n在 [org.springframework.web.servlet.DispatcherServlet,DispatcherServlet.java,doDispatch,925]\n在 [org.springframework.web.servlet.DispatcherServlet,DispatcherServlet.java,doService,856]\n在 [org.springframework.web.servlet.FrameworkServlet,FrameworkServlet.java,processRequest,936]\n在 [org.springframework.web.servlet.FrameworkServlet,FrameworkServlet.java,doPost,838]\n在 [javax.servlet.http.HttpServlet,HttpServlet.java,service,710]\n在 [org.springframework.web.servlet.FrameworkServlet,FrameworkServlet.java,service,812]\n在 [javax.servlet.http.HttpServlet,HttpServlet.java,service,803]\n在 [org.apache.catalina.core.ApplicationFilterChain,ApplicationFilterChain.java,internalDoFilter,290]\n在 [org.apache.catalina.core.ApplicationFilterChain,ApplicationFilterChain.java,doFilter,206]\n在 [com.tandaly.core.web.filter.RequestFilter,RequestFilter.java,doFilter,71]\n在 [org.apache.catalina.core.ApplicationFilterChain,ApplicationFilterChain.java,internalDoFilter,235]\n在 [org.apache.catalina.core.ApplicationFilterChain,ApplicationFilterChain.java,doFilter,206]\n在 [org.springframework.web.filter.CharacterEncodingFilter,CharacterEncodingFilter.java,doFilterInternal,88]\n在 [org.springframework.web.filter.OncePerRequestFilter,OncePerRequestFilter.java,doFilter,107]\n在 [org.apache.catalina.core.ApplicationFilterChain,ApplicationFilterChain.java,internalDoFilter,235]\n在 [org.apache.catalina.core.ApplicationFilterChain,ApplicationFilterChain.java,doFilter,206]\n在 [org.apache.catalina.core.StandardWrapperValve,StandardWrapperValve.java,invoke,233]\n在 [org.apache.catalina.core.StandardContextValve,StandardContextValve.java,invoke,175]\n在 [org.apache.catalina.core.StandardHostValve,StandardHostValve.java,invoke,128]\n在 [org.apache.catalina.valves.ErrorReportValve,ErrorReportValve.java,invoke,102]\n在 [org.apache.catalina.core.StandardEngineValve,StandardEngineValve.java,invoke,109]\n在 [org.apache.catalina.connector.CoyoteAdapter,CoyoteAdapter.java,service,286]\n在 [org.apache.coyote.http11.Http11Processor,Http11Processor.java,process,844]\n在 [org.apache.coyote.http11.Http11Protocol$Http11ConnectionHandler,Http11Protocol.java,process,583]\n在 [org.apache.tomcat.util.net.JIoEndpoint$Worker,JIoEndpoint.java,run,447]\n在 [java.lang.Thread,Thread.java,run,619]\n','2013-07-12 16:36:50'),(26,'com.tandaly.system.admin.service.NoticeService','addNotice','org.springframework.dao.DataIntegrityViolationException: \r\n### Error updating database.  Cause: java.sql.SQLException: Field \'remark\' doesn\'t have a default value\r\n### The error may involve com.tandaly.system.admin.dao.NoticeDao.insert-Inline\r\n### The error occurred while setting parameters\r\n### SQL: INSERT INTO t_sys_notice    ( id,    title,    content,    createTime )    VALUES    ( ?,    ?,    ?,    now() )\r\n### Cause: java.sql.SQLException: Field \'remark\' doesn\'t have a default value\n; SQL []; Field \'remark\' doesn\'t have a default value; nested exception is java.sql.SQLException: Field \'remark\' doesn\'t have a default value\n在 [org.springframework.jdbc.support.SQLErrorCodeSQLExceptionTranslator,SQLErrorCodeSQLExceptionTranslator.java,doTranslate,249]\n在 [org.springframework.jdbc.support.AbstractFallbackSQLExceptionTranslator,AbstractFallbackSQLExceptionTranslator.java,translate,72]\n在 [org.mybatis.spring.MyBatisExceptionTranslator,MyBatisExceptionTranslator.java,translateExceptionIfPossible,71]\n在 [org.mybatis.spring.SqlSessionTemplate$SqlSessionInterceptor,SqlSessionTemplate.java,invoke,364]\n在 [$Proxy13,null,insert,-1]\n在 [org.mybatis.spring.SqlSessionTemplate,SqlSessionTemplate.java,insert,236]\n在 [org.apache.ibatis.binding.MapperMethod,MapperMethod.java,execute,46]\n在 [org.apache.ibatis.binding.MapperProxy,MapperProxy.java,invoke,43]\n在 [$Proxy19,null,insert,-1]\n在 [com.tandaly.system.admin.service.NoticeService,NoticeService.java,addNotice,36]\n在 [com.tandaly.system.admin.service.NoticeService$$FastClassByCGLIB$$6cfe01f6,<generated>,invoke,-1]\n在 [org.springframework.cglib.proxy.MethodProxy,MethodProxy.java,invoke,204]\n在 [org.springframework.aop.framework.CglibAopProxy$CglibMethodInvocation,CglibAopProxy.java,invokeJoinpoint,698]\n在 [org.springframework.aop.framework.ReflectiveMethodInvocation,ReflectiveMethodInvocation.java,proceed,150]\n在 [org.springframework.transaction.interceptor.TransactionInterceptor$1,TransactionInterceptor.java,proceedWithInvocation,96]\n在 [org.springframework.transaction.interceptor.TransactionAspectSupport,TransactionAspectSupport.java,invokeWithinTransaction,260]\n在 [org.springframework.transaction.interceptor.TransactionInterceptor,TransactionInterceptor.java,invoke,94]\n在 [org.springframework.aop.framework.ReflectiveMethodInvocation,ReflectiveMethodInvocation.java,proceed,172]\n在 [org.springframework.aop.framework.CglibAopProxy$DynamicAdvisedInterceptor,CglibAopProxy.java,intercept,631]\n在 [com.tandaly.system.admin.service.NoticeService$$EnhancerByCGLIB$$67d36b09,<generated>,addNotice,-1]\n在 [com.tandaly.system.admin.actions.NoticeController,NoticeController.java,ajaxAddNotice,66]\n在 [sun.reflect.NativeMethodAccessorImpl,NativeMethodAccessorImpl.java,invoke0,-2]\n在 [sun.reflect.NativeMethodAccessorImpl,NativeMethodAccessorImpl.java,invoke,39]\n在 [sun.reflect.DelegatingMethodAccessorImpl,DelegatingMethodAccessorImpl.java,invoke,25]\n在 [java.lang.reflect.Method,Method.java,invoke,597]\n在 [org.springframework.web.method.support.InvocableHandlerMethod,InvocableHandlerMethod.java,invoke,219]\n在 [org.springframework.web.method.support.InvocableHandlerMethod,InvocableHandlerMethod.java,invokeForRequest,132]\n在 [org.springframework.web.servlet.mvc.method.annotation.ServletInvocableHandlerMethod,ServletInvocableHandlerMethod.java,invokeAndHandle,104]\n在 [org.springframework.web.servlet.mvc.method.annotation.RequestMappingHandlerAdapter,RequestMappingHandlerAdapter.java,invokeHandleMethod,745]\n在 [org.springframework.web.servlet.mvc.method.annotation.RequestMappingHandlerAdapter,RequestMappingHandlerAdapter.java,handleInternal,686]\n在 [org.springframework.web.servlet.mvc.method.AbstractHandlerMethodAdapter,AbstractHandlerMethodAdapter.java,handle,80]\n在 [org.springframework.web.servlet.DispatcherServlet,DispatcherServlet.java,doDispatch,925]\n在 [org.springframework.web.servlet.DispatcherServlet,DispatcherServlet.java,doService,856]\n在 [org.springframework.web.servlet.FrameworkServlet,FrameworkServlet.java,processRequest,936]\n在 [org.springframework.web.servlet.FrameworkServlet,FrameworkServlet.java,doPost,838]\n在 [javax.servlet.http.HttpServlet,HttpServlet.java,service,637]\n在 [org.springframework.web.servlet.FrameworkServlet,FrameworkServlet.java,service,812]\n在 [javax.servlet.http.HttpServlet,HttpServlet.java,service,717]\n在 [org.apache.catalina.core.ApplicationFilterChain,ApplicationFilterChain.java,internalDoFilter,290]\n在 [org.apache.catalina.core.ApplicationFilterChain,ApplicationFilterChain.java,doFilter,206]\n在 [com.tandaly.core.web.filter.RequestFilter,RequestFilter.java,doFilter,71]\n在 [org.apache.catalina.core.ApplicationFilterChain,ApplicationFilterChain.java,internalDoFilter,235]\n在 [org.apache.catalina.core.ApplicationFilterChain,ApplicationFilterChain.java,doFilter,206]\n在 [org.springframework.web.filter.CharacterEncodingFilter,CharacterEncodingFilter.java,doFilterInternal,88]\n在 [org.springframework.web.filter.OncePerRequestFilter,OncePerRequestFilter.java,doFilter,107]\n在 [org.apache.catalina.core.ApplicationFilterChain,ApplicationFilterChain.java,internalDoFilter,235]\n在 [org.apache.catalina.core.ApplicationFilterChain,ApplicationFilterChain.java,doFilter,206]\n在 [org.apache.catalina.core.StandardWrapperValve,StandardWrapperValve.java,invoke,233]\n在 [org.apache.catalina.core.StandardContextValve,StandardContextValve.java,invoke,191]\n在 [org.apache.catalina.core.StandardHostValve,StandardHostValve.java,invoke,127]\n在 [org.apache.catalina.valves.ErrorReportValve,ErrorReportValve.java,invoke,102]\n在 [org.apache.catalina.core.StandardEngineValve,StandardEngineValve.java,invoke,109]\n在 [org.apache.catalina.connector.CoyoteAdapter,CoyoteAdapter.java,service,298]\n在 [org.apache.coyote.http11.Http11AprProcessor,Http11AprProcessor.java,process,861]\n在 [org.apache.coyote.http11.Http11AprProtocol$Http11ConnectionHandler,Http11AprProtocol.java,process,579]\n在 [org.apache.tomcat.util.net.AprEndpoint$Worker,AprEndpoint.java,run,1584]\n在 [java.lang.Thread,Thread.java,run,619]\n','2013-07-15 15:19:12'),(27,'com.tandaly.system.admin.service.NoticeService','deleteNotice','org.springframework.jdbc.BadSqlGrammarException: \r\n### Error updating database.  Cause: com.mysql.jdbc.exceptions.jdbc4.MySQLSyntaxErrorException: You have an error in your SQL syntax; check the manual that corresponds to your MySQL server version for the right syntax to use near \')\' at line 5\r\n### The error may involve com.tandaly.system.admin.dao.NoticeDao.delete-Inline\r\n### The error occurred while setting parameters\r\n### SQL: DELETE FROM    t_sys_notice   WHERE id IN (        )\r\n### Cause: com.mysql.jdbc.exceptions.jdbc4.MySQLSyntaxErrorException: You have an error in your SQL syntax; check the manual that corresponds to your MySQL server version for the right syntax to use near \')\' at line 5\n; bad SQL grammar []; nested exception is com.mysql.jdbc.exceptions.jdbc4.MySQLSyntaxErrorException: You have an error in your SQL syntax; check the manual that corresponds to your MySQL server version for the right syntax to use near \')\' at line 5\n在 [org.springframework.jdbc.support.SQLErrorCodeSQLExceptionTranslator,SQLErrorCodeSQLExceptionTranslator.java,doTranslate,237]\n在 [org.springframework.jdbc.support.AbstractFallbackSQLExceptionTranslator,AbstractFallbackSQLExceptionTranslator.java,translate,72]\n在 [org.mybatis.spring.MyBatisExceptionTranslator,MyBatisExceptionTranslator.java,translateExceptionIfPossible,71]\n在 [org.mybatis.spring.SqlSessionTemplate$SqlSessionInterceptor,SqlSessionTemplate.java,invoke,364]\n在 [$Proxy13,null,delete,-1]\n在 [org.mybatis.spring.SqlSessionTemplate,SqlSessionTemplate.java,delete,264]\n在 [org.apache.ibatis.binding.MapperMethod,MapperMethod.java,execute,52]\n在 [org.apache.ibatis.binding.MapperProxy,MapperProxy.java,invoke,43]\n在 [$Proxy19,null,delete,-1]\n在 [com.tandaly.system.admin.service.NoticeService,NoticeService.java,deleteNotice,72]\n在 [com.tandaly.system.admin.service.NoticeService$$FastClassByCGLIB$$6cfe01f6,<generated>,invoke,-1]\n在 [org.springframework.cglib.proxy.MethodProxy,MethodProxy.java,invoke,204]\n在 [org.springframework.aop.framework.CglibAopProxy$CglibMethodInvocation,CglibAopProxy.java,invokeJoinpoint,698]\n在 [org.springframework.aop.framework.ReflectiveMethodInvocation,ReflectiveMethodInvocation.java,proceed,150]\n在 [org.springframework.transaction.interceptor.TransactionInterceptor$1,TransactionInterceptor.java,proceedWithInvocation,96]\n在 [org.springframework.transaction.interceptor.TransactionAspectSupport,TransactionAspectSupport.java,invokeWithinTransaction,260]\n在 [org.springframework.transaction.interceptor.TransactionInterceptor,TransactionInterceptor.java,invoke,94]\n在 [org.springframework.aop.framework.ReflectiveMethodInvocation,ReflectiveMethodInvocation.java,proceed,172]\n在 [org.springframework.aop.framework.CglibAopProxy$DynamicAdvisedInterceptor,CglibAopProxy.java,intercept,631]\n在 [com.tandaly.system.admin.service.NoticeService$$EnhancerByCGLIB$$67d36b09,<generated>,deleteNotice,-1]\n在 [com.tandaly.system.admin.actions.NoticeController,NoticeController.java,ajaxDeleteNotice,88]\n在 [sun.reflect.NativeMethodAccessorImpl,NativeMethodAccessorImpl.java,invoke0,-2]\n在 [sun.reflect.NativeMethodAccessorImpl,NativeMethodAccessorImpl.java,invoke,39]\n在 [sun.reflect.DelegatingMethodAccessorImpl,DelegatingMethodAccessorImpl.java,invoke,25]\n在 [java.lang.reflect.Method,Method.java,invoke,597]\n在 [org.springframework.web.method.support.InvocableHandlerMethod,InvocableHandlerMethod.java,invoke,219]\n在 [org.springframework.web.method.support.InvocableHandlerMethod,InvocableHandlerMethod.java,invokeForRequest,132]\n在 [org.springframework.web.servlet.mvc.method.annotation.ServletInvocableHandlerMethod,ServletInvocableHandlerMethod.java,invokeAndHandle,104]\n在 [org.springframework.web.servlet.mvc.method.annotation.RequestMappingHandlerAdapter,RequestMappingHandlerAdapter.java,invokeHandleMethod,745]\n在 [org.springframework.web.servlet.mvc.method.annotation.RequestMappingHandlerAdapter,RequestMappingHandlerAdapter.java,handleInternal,686]\n在 [org.springframework.web.servlet.mvc.method.AbstractHandlerMethodAdapter,AbstractHandlerMethodAdapter.java,handle,80]\n在 [org.springframework.web.servlet.DispatcherServlet,DispatcherServlet.java,doDispatch,925]\n在 [org.springframework.web.servlet.DispatcherServlet,DispatcherServlet.java,doService,856]\n在 [org.springframework.web.servlet.FrameworkServlet,FrameworkServlet.java,processRequest,936]\n在 [org.springframework.web.servlet.FrameworkServlet,FrameworkServlet.java,doPost,838]\n在 [javax.servlet.http.HttpServlet,HttpServlet.java,service,637]\n在 [org.springframework.web.servlet.FrameworkServlet,FrameworkServlet.java,service,812]\n在 [javax.servlet.http.HttpServlet,HttpServlet.java,service,717]\n在 [org.apache.catalina.core.ApplicationFilterChain,ApplicationFilterChain.java,internalDoFilter,290]\n在 [org.apache.catalina.core.ApplicationFilterChain,ApplicationFilterChain.java,doFilter,206]\n在 [com.tandaly.core.web.filter.RequestFilter,RequestFilter.java,doFilter,71]\n在 [org.apache.catalina.core.ApplicationFilterChain,ApplicationFilterChain.java,internalDoFilter,235]\n在 [org.apache.catalina.core.ApplicationFilterChain,ApplicationFilterChain.java,doFilter,206]\n在 [org.springframework.web.filter.CharacterEncodingFilter,CharacterEncodingFilter.java,doFilterInternal,88]\n在 [org.springframework.web.filter.OncePerRequestFilter,OncePerRequestFilter.java,doFilter,107]\n在 [org.apache.catalina.core.ApplicationFilterChain,ApplicationFilterChain.java,internalDoFilter,235]\n在 [org.apache.catalina.core.ApplicationFilterChain,ApplicationFilterChain.java,doFilter,206]\n在 [org.apache.catalina.core.StandardWrapperValve,StandardWrapperValve.java,invoke,233]\n在 [org.apache.catalina.core.StandardContextValve,StandardContextValve.java,invoke,191]\n在 [org.apache.catalina.core.StandardHostValve,StandardHostValve.java,invoke,127]\n在 [org.apache.catalina.valves.ErrorReportValve,ErrorReportValve.java,invoke,102]\n在 [org.apache.catalina.core.StandardEngineValve,StandardEngineValve.java,invoke,109]\n在 [org.apache.catalina.connector.CoyoteAdapter,CoyoteAdapter.java,service,298]\n在 [org.apache.coyote.http11.Http11AprProcessor,Http11AprProcessor.java,process,861]\n在 [org.apache.coyote.http11.Http11AprProtocol$Http11ConnectionHandler,Http11AprProtocol.java,process,579]\n在 [org.apache.tomcat.util.net.AprEndpoint$Worker,AprEndpoint.java,run,1584]\n在 [java.lang.Thread,Thread.java,run,619]\n','2013-07-15 15:21:42'),(28,'com.tandaly.system.admin.service.UserService','pageQueryEntityList','org.mybatis.spring.MyBatisSystemException: nested exception is org.apache.ibatis.exceptions.PersistenceException: \r\n### Error querying database.  Cause: java.lang.NullPointerException\r\n### Cause: java.lang.NullPointerException\n在 [org.mybatis.spring.MyBatisExceptionTranslator,MyBatisExceptionTranslator.java,translateExceptionIfPossible,73]\n在 [org.mybatis.spring.SqlSessionTemplate$SqlSessionInterceptor,SqlSessionTemplate.java,invoke,364]\n在 [$Proxy13,null,selectOne,-1]\n在 [org.mybatis.spring.SqlSessionTemplate,SqlSessionTemplate.java,selectOne,159]\n在 [org.apache.ibatis.binding.MapperMethod,MapperMethod.java,execute,63]\n在 [org.apache.ibatis.binding.MapperProxy,MapperProxy.java,invoke,43]\n在 [$Proxy22,null,pageQueryEntityCount,-1]\n在 [com.tandaly.system.admin.service.UserService,UserService.java,pageQueryEntityList,167]\n在 [com.tandaly.system.admin.service.UserService$$FastClassByCGLIB$$bb0dbfe3,<generated>,invoke,-1]\n在 [org.springframework.cglib.proxy.MethodProxy,MethodProxy.java,invoke,204]\n在 [org.springframework.aop.framework.CglibAopProxy$DynamicAdvisedInterceptor,CglibAopProxy.java,intercept,627]\n在 [com.tandaly.system.admin.service.UserService$$EnhancerByCGLIB$$2f40729f,<generated>,pageQueryEntityList,-1]\n在 [com.tandaly.system.admin.actions.UserController,UserController.java,ajaxUserList,195]\n在 [sun.reflect.NativeMethodAccessorImpl,NativeMethodAccessorImpl.java,invoke0,-2]\n在 [sun.reflect.NativeMethodAccessorImpl,NativeMethodAccessorImpl.java,invoke,39]\n在 [sun.reflect.DelegatingMethodAccessorImpl,DelegatingMethodAccessorImpl.java,invoke,25]\n在 [java.lang.reflect.Method,Method.java,invoke,597]\n在 [org.springframework.web.method.support.InvocableHandlerMethod,InvocableHandlerMethod.java,invoke,219]\n在 [org.springframework.web.method.support.InvocableHandlerMethod,InvocableHandlerMethod.java,invokeForRequest,132]\n在 [org.springframework.web.servlet.mvc.method.annotation.ServletInvocableHandlerMethod,ServletInvocableHandlerMethod.java,invokeAndHandle,104]\n在 [org.springframework.web.servlet.mvc.method.annotation.RequestMappingHandlerAdapter,RequestMappingHandlerAdapter.java,invokeHandleMethod,745]\n在 [org.springframework.web.servlet.mvc.method.annotation.RequestMappingHandlerAdapter,RequestMappingHandlerAdapter.java,handleInternal,686]\n在 [org.springframework.web.servlet.mvc.method.AbstractHandlerMethodAdapter,AbstractHandlerMethodAdapter.java,handle,80]\n在 [org.springframework.web.servlet.DispatcherServlet,DispatcherServlet.java,doDispatch,925]\n在 [org.springframework.web.servlet.DispatcherServlet,DispatcherServlet.java,doService,856]\n在 [org.springframework.web.servlet.FrameworkServlet,FrameworkServlet.java,processRequest,936]\n在 [org.springframework.web.servlet.FrameworkServlet,FrameworkServlet.java,doPost,838]\n在 [javax.servlet.http.HttpServlet,HttpServlet.java,service,637]\n在 [org.springframework.web.servlet.FrameworkServlet,FrameworkServlet.java,service,812]\n在 [javax.servlet.http.HttpServlet,HttpServlet.java,service,717]\n在 [org.apache.catalina.core.ApplicationFilterChain,ApplicationFilterChain.java,internalDoFilter,290]\n在 [org.apache.catalina.core.ApplicationFilterChain,ApplicationFilterChain.java,doFilter,206]\n在 [com.tandaly.core.web.filter.RequestFilter,RequestFilter.java,doFilter,71]\n在 [org.apache.catalina.core.ApplicationFilterChain,ApplicationFilterChain.java,internalDoFilter,235]\n在 [org.apache.catalina.core.ApplicationFilterChain,ApplicationFilterChain.java,doFilter,206]\n在 [org.springframework.web.filter.CharacterEncodingFilter,CharacterEncodingFilter.java,doFilterInternal,88]\n在 [org.springframework.web.filter.OncePerRequestFilter,OncePerRequestFilter.java,doFilter,107]\n在 [org.apache.catalina.core.ApplicationFilterChain,ApplicationFilterChain.java,internalDoFilter,235]\n在 [org.apache.catalina.core.ApplicationFilterChain,ApplicationFilterChain.java,doFilter,206]\n在 [org.apache.catalina.core.StandardWrapperValve,StandardWrapperValve.java,invoke,233]\n在 [org.apache.catalina.core.StandardContextValve,StandardContextValve.java,invoke,191]\n在 [org.apache.catalina.core.StandardHostValve,StandardHostValve.java,invoke,127]\n在 [org.apache.catalina.valves.ErrorReportValve,ErrorReportValve.java,invoke,102]\n在 [org.apache.catalina.core.StandardEngineValve,StandardEngineValve.java,invoke,109]\n在 [org.apache.catalina.connector.CoyoteAdapter,CoyoteAdapter.java,service,298]\n在 [org.apache.coyote.http11.Http11AprProcessor,Http11AprProcessor.java,process,861]\n在 [org.apache.coyote.http11.Http11AprProtocol$Http11ConnectionHandler,Http11AprProtocol.java,process,579]\n在 [org.apache.tomcat.util.net.AprEndpoint$Worker,AprEndpoint.java,run,1584]\n在 [java.lang.Thread,Thread.java,run,619]\n','2013-07-15 16:54:26');
/*!40000 ALTER TABLE `t_sys_exceptions` ENABLE KEYS */;
UNLOCK TABLES;

--
-- Table structure for table `t_sys_menu`
--

DROP TABLE IF EXISTS `t_sys_menu`;
SET @saved_cs_client     = @@character_set_client;
SET character_set_client = utf8;
CREATE TABLE `t_sys_menu` (
  `id` bigint(20) NOT NULL auto_increment,
  `menuNo` text NOT NULL COMMENT '菜单编号',
  `parentNo` text COMMENT '父级菜单编号',
  `menuName` varchar(100) NOT NULL COMMENT '菜单名称',
  `menuUrl` longtext COMMENT '菜单地址',
  `orderNo` varchar(100) default NULL COMMENT '排序编号',
  `status` varchar(50) default '禁用' COMMENT '启用/禁用',
  `icon` text COMMENT '菜单图标地址',
  PRIMARY KEY  (`id`),
  UNIQUE KEY `menuName` (`menuName`)
) ENGINE=InnoDB AUTO_INCREMENT=54 DEFAULT CHARSET=utf8 COMMENT='系统菜单表';
SET character_set_client = @saved_cs_client;

--
-- Dumping data for table `t_sys_menu`
--

LOCK TABLES `t_sys_menu` WRITE;
/*!40000 ALTER TABLE `t_sys_menu` DISABLE KEYS */;
INSERT INTO `t_sys_menu` VALUES (1,'1','-1','系统管理',NULL,'1','启用',NULL),(3,'2','-1','基础数据维护',NULL,'3','启用',NULL),(4,'3','-1','运行监控',NULL,'3','启用',NULL),(5,'1001','1','用户管理','user/userList.do','1001','启用','images/tree/users.gif'),(6,'1002','1','角色管理','role/roleList.do','1002','启用','images/tree/role.gif'),(9,'2001','2','字典维护','dictionary/dictionaryList.do','2001','启用','images/tree/dictionary.gif'),(10,'2002','2','系统参数维护','params/paramsList.do','2002','启用','images/tree/params.gif'),(11,'3001','3','request事件日志','monitor/requestList.do','3001','启用','images/tree/request.gif'),(12,'3002','3','session会话日志','build.do','3002','禁用','images/tree/session.gif'),(13,'3003','3','JDBC监控','build.do','3003','禁用','images/tree/jdbc.gif'),(14,'3004','3','系统异常监控','monitor/exceptionsList.do','3004','启用','images/tree/exceptions.gif'),(15,'3005','3','服务器监控','server/serverFrame.do','3005','启用','images/tree/server.gif'),(16,'4','-1','测试管理',NULL,'6','启用',NULL),(21,'4001','4','测试页面','http://www.baidu.com',NULL,'启用',NULL),(22,'5','-1','地图管理','','7','启用',NULL),(23,'5001','5','地图','map/map.do','5001','启用',NULL),(24,'6','-1','权限中心','','2','启用',''),(25,'6001','6','权限管理','privilege/privilegeList.do','6001','启用','images/tree/privilege.gif'),(26,'6002','6','菜单管理','menu/menuFrame.do','6002','启用','images/tree/menu.gif'),(28,'6003','6','功能操作','build.do','6003','禁用',NULL),(29,'6004','6','页面元素','build.do','6004','禁用',NULL),(30,'6005','6','文件权限','build.do','6005','禁用',NULL),(31,'7','-1','数据库管理','build.do','5','启用',NULL),(32,'7001','7','数据表','db/tableList.do','7001','启用',NULL),(33,'8','-1','jquery插件','','8','启用',NULL),(34,'8001','8','选择学校','demo/jquery/tip/1/index.html','8001','启用',NULL),(35,'8002','8','标签定制','demo/jquery/tip/2/index.html','8002','启用',NULL),(36,'8003','8','autoMail','demo/jquery/tip/3/index.html','8003','启用',NULL),(37,'8004','8','时间轴','demo/jquery/time/index.html','8004','启用',NULL),(38,'8005','8','滚动到指定ID元素','demo/jquery/scrollToB/demo.html','8005','启用',NULL),(39,'8006','8','tabpanel','demo/jquery/tabpanel/index.htm','8006','启用',NULL),(40,'8007','8','tab','demo/jquery/tab/index.html','8007','启用',NULL),(41,'4001001','4001','测试子页面','build.do',NULL,'启用',NULL),(45,'9','-1','网站','','9','启用',NULL),(46,'9001','9','文档演示','http://img.zeroteam.net/document','9001','启用',NULL),(47,'9002','9','文件上传演示站','http://img.zeroteam.net/','9002','启用',NULL),(48,'4002','4','测试跨域问题','http://127.0.0.1:8080/ssm/index.do','4002','启用',NULL),(52,'10','-1','消息管理','','4','启用','images/tree/leaf.gif'),(53,'10001','10','系统公告','notice/noticeList.do','10001','启用','images/tree/leaf.gif');
/*!40000 ALTER TABLE `t_sys_menu` ENABLE KEYS */;
UNLOCK TABLES;

--
-- Table structure for table `t_sys_notice`
--

DROP TABLE IF EXISTS `t_sys_notice`;
SET @saved_cs_client     = @@character_set_client;
SET character_set_client = utf8;
CREATE TABLE `t_sys_notice` (
  `id` int(10) NOT NULL auto_increment,
  `title` varchar(50) NOT NULL COMMENT '标题',
  `content` text NOT NULL COMMENT '内容',
  `createTime` timestamp NOT NULL default CURRENT_TIMESTAMP COMMENT '发布时间',
  `remark` varchar(50) default NULL COMMENT '备注',
  PRIMARY KEY  (`id`)
) ENGINE=InnoDB AUTO_INCREMENT=13 DEFAULT CHARSET=utf8 COMMENT='系统公告表';
SET character_set_client = @saved_cs_client;

--
-- Dumping data for table `t_sys_notice`
--

LOCK TABLES `t_sys_notice` WRITE;
/*!40000 ALTER TABLE `t_sys_notice` DISABLE KEYS */;
INSERT INTO `t_sys_notice` VALUES (1,'升级公告','今日系统升级咯','2013-01-21 04:00:00',''),(2,'司法所地方','公司的放松放松','2011-11-20 03:22:22',''),(3,'系统升级啦！全新视角，全新面貌！','系统升级啦！全新视角，全新面貌！啦啦啦','2013-07-12 06:41:39',''),(12,'系统现才用druid连接池啦！快得一米','系统数据源连接池 druid、boneCP、c3p0','2013-07-15 09:52:54',NULL);
/*!40000 ALTER TABLE `t_sys_notice` ENABLE KEYS */;
UNLOCK TABLES;

--
-- Table structure for table `t_sys_params`
--

DROP TABLE IF EXISTS `t_sys_params`;
SET @saved_cs_client     = @@character_set_client;
SET character_set_client = utf8;
CREATE TABLE `t_sys_params` (
  `id` int(10) NOT NULL auto_increment,
  `name` varchar(50) NOT NULL default '' COMMENT '参数键名',
  `value` varchar(50) NOT NULL default '' COMMENT '参数键值',
  `remark` varchar(50) NOT NULL default '' COMMENT '备注',
  PRIMARY KEY  (`id`),
  UNIQUE KEY `name` (`name`)
) ENGINE=InnoDB AUTO_INCREMENT=11 DEFAULT CHARSET=utf8 COMMENT='系统全局参数表';
SET character_set_client = @saved_cs_client;

--
-- Dumping data for table `t_sys_params`
--

LOCK TABLES `t_sys_params` WRITE;
/*!40000 ALTER TABLE `t_sys_params` DISABLE KEYS */;
INSERT INTO `t_sys_params` VALUES (1,'DEFAULT_ADMIN_ACCOUNT','super','默认超级管理员帐户'),(2,'SYS_TITLE','RBAC平台','系统标题'),(3,'ENABLED_EXCEPTIONS','启用','启用/禁用 捕获系统异常'),(6,'EXCEPTIONS_PACKAGE','com.tandaly.system.admin','异常信息优先捕获包路径'),(8,'SYS_MSG','系统升级啦！全新视角，全新面貌！ ——2013年07月11日','系统公告消息'),(9,'MENU_STYLE','tree','菜单风格 默认为树形 \r\ntree:树形 \r\nlist:列表'),(10,'SYSTEM_STYLE','default','系统风格  默认 经典\r\ndefault: 经典\r\nwebos: 桌面风格');
/*!40000 ALTER TABLE `t_sys_params` ENABLE KEYS */;
UNLOCK TABLES;

--
-- Table structure for table `t_sys_privilege`
--

DROP TABLE IF EXISTS `t_sys_privilege`;
SET @saved_cs_client     = @@character_set_client;
SET character_set_client = utf8;
CREATE TABLE `t_sys_privilege` (
  `id` bigint(20) NOT NULL auto_increment,
  `privilegeName` varchar(100) default NULL COMMENT '权限名称',
  `remark` varchar(100) default NULL COMMENT '备注',
  PRIMARY KEY  (`id`),
  UNIQUE KEY `privilegeName` (`privilegeName`)
) ENGINE=InnoDB AUTO_INCREMENT=8 DEFAULT CHARSET=utf8 COMMENT='系统权限表';
SET character_set_client = @saved_cs_client;

--
-- Dumping data for table `t_sys_privilege`
--

LOCK TABLES `t_sys_privilege` WRITE;
/*!40000 ALTER TABLE `t_sys_privilege` DISABLE KEYS */;
INSERT INTO `t_sys_privilege` VALUES (1,'<font color=red>超级权限</font>','拥有系统一切权限(勿删)'),(2,'系统权限','系统级权限'),(3,'测试权限','测试用的'),(5,'地图权限','可以管理地图哦'),(6,'案例管理','一些常用的例子demo'),(7,'网站权限','一些网上收藏的网站');
/*!40000 ALTER TABLE `t_sys_privilege` ENABLE KEYS */;
UNLOCK TABLES;

--
-- Table structure for table `t_sys_privilege_menu`
--

DROP TABLE IF EXISTS `t_sys_privilege_menu`;
SET @saved_cs_client     = @@character_set_client;
SET character_set_client = utf8;
CREATE TABLE `t_sys_privilege_menu` (
  `privilegeId` bigint(20) NOT NULL COMMENT '权限表id',
  `menuId` bigint(20) NOT NULL COMMENT '菜单表id',
  PRIMARY KEY  (`privilegeId`,`menuId`),
  KEY `FKE83B638A1D84A168` (`privilegeId`),
  KEY `FKE83B638AE1AAEF4C` (`menuId`)
) ENGINE=InnoDB DEFAULT CHARSET=utf8 COMMENT='权限菜单表';
SET character_set_client = @saved_cs_client;

--
-- Dumping data for table `t_sys_privilege_menu`
--

LOCK TABLES `t_sys_privilege_menu` WRITE;
/*!40000 ALTER TABLE `t_sys_privilege_menu` DISABLE KEYS */;
INSERT INTO `t_sys_privilege_menu` VALUES (1,1),(1,3),(1,4),(1,5),(1,6),(1,9),(1,10),(1,11),(1,14),(1,15),(1,24),(1,25),(1,26),(1,31),(1,32),(1,52),(1,53),(2,1),(2,4),(2,5),(2,6),(2,11),(2,12),(2,13),(2,14),(2,15),(3,16),(3,21),(3,41),(3,48),(5,22),(5,23),(6,33),(6,34),(6,35),(6,36),(6,37),(6,38),(6,39),(6,40),(7,45),(7,46),(7,47);
/*!40000 ALTER TABLE `t_sys_privilege_menu` ENABLE KEYS */;
UNLOCK TABLES;

--
-- Table structure for table `t_sys_role`
--

DROP TABLE IF EXISTS `t_sys_role`;
SET @saved_cs_client     = @@character_set_client;
SET character_set_client = utf8;
CREATE TABLE `t_sys_role` (
  `id` bigint(20) NOT NULL auto_increment,
  `roleName` varchar(100) NOT NULL COMMENT '角色名称',
  `remark` varchar(50) NOT NULL COMMENT '备注',
  PRIMARY KEY  (`id`),
  UNIQUE KEY `roleName` (`roleName`)
) ENGINE=InnoDB AUTO_INCREMENT=21 DEFAULT CHARSET=utf8 COMMENT='系统角色表';
SET character_set_client = @saved_cs_client;

--
-- Dumping data for table `t_sys_role`
--

LOCK TABLES `t_sys_role` WRITE;
/*!40000 ALTER TABLE `t_sys_role` DISABLE KEYS */;
INSERT INTO `t_sys_role` VALUES (1,'<font color=red>超级管理员</font>','最高权限管理员(勿删)'),(2,'系统管理员','管理系统业务权限分配'),(8,'测试角色','测试用'),(10,'地图角色','管理地图的'),(19,'DSFSS','任溶溶s'),(20,'案例角色','常用demo管理角色');
/*!40000 ALTER TABLE `t_sys_role` ENABLE KEYS */;
UNLOCK TABLES;

--
-- Table structure for table `t_sys_role_privilege`
--

DROP TABLE IF EXISTS `t_sys_role_privilege`;
SET @saved_cs_client     = @@character_set_client;
SET character_set_client = utf8;
CREATE TABLE `t_sys_role_privilege` (
  `roleId` bigint(20) NOT NULL COMMENT '角色表id',
  `privilegeId` bigint(20) NOT NULL COMMENT '权限表id',
  PRIMARY KEY  (`roleId`,`privilegeId`),
  KEY `FKA850DB851D84A168` (`privilegeId`),
  KEY `FKA850DB85FB1983EC` (`roleId`)
) ENGINE=InnoDB DEFAULT CHARSET=utf8 COMMENT='角色权限表';
SET character_set_client = @saved_cs_client;

--
-- Dumping data for table `t_sys_role_privilege`
--

LOCK TABLES `t_sys_role_privilege` WRITE;
/*!40000 ALTER TABLE `t_sys_role_privilege` DISABLE KEYS */;
INSERT INTO `t_sys_role_privilege` VALUES (1,1),(1,2),(2,2),(1,3),(8,3),(19,3),(1,5),(10,5),(19,5),(1,6),(20,6),(1,7);
/*!40000 ALTER TABLE `t_sys_role_privilege` ENABLE KEYS */;
UNLOCK TABLES;

--
-- Table structure for table `t_sys_user`
--

DROP TABLE IF EXISTS `t_sys_user`;
SET @saved_cs_client     = @@character_set_client;
SET character_set_client = utf8;
CREATE TABLE `t_sys_user` (
  `id` bigint(20) NOT NULL auto_increment,
  `userName` varchar(50) NOT NULL COMMENT '用户名',
  `password` varchar(50) NOT NULL COMMENT '密码',
  `registerDate` datetime NOT NULL COMMENT '注册时间',
  `status` varchar(50) NOT NULL default '启用' COMMENT '启用/禁用',
  `remark` varchar(50) default NULL COMMENT '备注',
  PRIMARY KEY  (`id`),
  UNIQUE KEY `username` (`userName`)
) ENGINE=InnoDB AUTO_INCREMENT=242 DEFAULT CHARSET=utf8 COMMENT='系统用户表';
SET character_set_client = @saved_cs_client;

--
-- Dumping data for table `t_sys_user`
--

LOCK TABLES `t_sys_user` WRITE;
/*!40000 ALTER TABLE `t_sys_user` DISABLE KEYS */;
INSERT INTO `t_sys_user` VALUES (1,'super','123456','2013-05-31 16:44:24','启用','超级管理员'),(2,'admin','123456','2013-05-31 16:44:24','启用','系统管理员'),(118,'admin5','123456','2013-06-24 15:04:06','启用','gsdfs'),(119,'admin2','123456','2013-06-24 15:07:50','启用',NULL),(120,'admin3','123456','2013-06-24 15:08:59','启用',NULL),(121,'admin4','123456','2013-06-24 15:09:11','启用',NULL),(131,'map','123456','2013-06-28 10:37:58','启用',NULL),(133,'sd','123456','2013-06-28 10:47:03','启用','gdsfsdf'),(134,'gew','123456','2013-06-28 10:47:52','启用',NULL),(135,'各位','123456','2013-06-28 10:48:16','启用',NULL),(136,'dsfs','123456','2013-06-28 10:49:00','禁用',NULL),(137,'sdll','123456','2013-06-28 10:50:38','禁用',NULL),(138,'广东省的','123456','2013-06-28 17:37:46','启用','时代复分'),(140,'test','123456','2013-06-28 21:00:51','启用','dsd'),(141,'tandaly0','0123','2013-07-03 12:10:40','启用',NULL),(142,'tandaly1','1123','2013-07-03 12:10:40','启用',NULL),(143,'tandaly2','2123','2013-07-03 12:10:40','启用',NULL),(144,'tandaly3','3123','2013-07-03 12:10:40','启用',NULL),(145,'tandaly4','4123','2013-07-03 12:10:40','启用',NULL),(146,'tandaly5','5123','2013-07-03 12:10:40','启用',NULL),(147,'tandaly6','6123','2013-07-03 12:10:40','启用',NULL),(148,'tandaly7','7123','2013-07-03 12:10:40','启用',NULL),(149,'tandaly8','8123','2013-07-03 12:10:40','启用',NULL),(150,'tandaly9','9123','2013-07-03 12:10:40','启用',NULL),(151,'tandaly10','10123','2013-07-03 12:10:40','启用',NULL),(152,'tandaly11','11123','2013-07-03 12:10:40','启用',NULL),(153,'tandaly12','12123','2013-07-03 12:10:40','启用',NULL),(154,'tandaly13','13123','2013-07-03 12:10:40','启用',NULL),(155,'tandaly14','14123','2013-07-03 12:10:40','启用',NULL),(156,'tandaly15','15123','2013-07-03 12:10:40','启用',NULL),(157,'tandaly16','16123','2013-07-03 12:10:40','启用',NULL),(158,'tandaly17','17123','2013-07-03 12:10:41','启用',NULL),(159,'tandaly18','18123','2013-07-03 12:10:41','启用',NULL),(160,'tandaly19','19123','2013-07-03 12:10:41','启用',NULL),(161,'tandaly20','20123','2013-07-03 12:10:41','启用',NULL),(162,'tandaly21','21123','2013-07-03 12:10:41','启用',NULL),(163,'tandaly22','22123','2013-07-03 12:10:41','启用',NULL),(164,'tandaly23','23123','2013-07-03 12:10:41','启用',NULL),(165,'tandaly24','24123','2013-07-03 12:10:41','启用',NULL),(166,'tandaly25','25123','2013-07-03 12:10:41','启用',NULL),(167,'tandaly26','26123','2013-07-03 12:10:41','启用',NULL),(168,'tandaly27','27123','2013-07-03 12:10:41','启用',NULL),(169,'tandaly28','28123','2013-07-03 12:10:41','启用',NULL),(170,'tandaly29','29123','2013-07-03 12:10:41','启用',NULL),(171,'tandaly30','30123','2013-07-03 12:10:41','启用',NULL),(172,'tandaly31','31123','2013-07-03 12:10:41','启用',NULL),(173,'tandaly32','32123','2013-07-03 12:10:41','启用',NULL),(174,'tandaly33','33123','2013-07-03 12:10:41','启用',NULL),(175,'tandaly34','34123','2013-07-03 12:10:41','启用',NULL),(176,'tandaly35','35123','2013-07-03 12:10:41','启用',NULL),(177,'tandaly36','36123','2013-07-03 12:10:41','启用',NULL),(178,'tandaly37','37123','2013-07-03 12:10:41','启用',NULL),(179,'tandaly38','38123','2013-07-03 12:10:41','启用',NULL),(180,'tandaly39','39123','2013-07-03 12:10:41','启用',NULL),(181,'tandaly40','40123','2013-07-03 12:10:41','启用',NULL),(182,'tandaly41','41123','2013-07-03 12:10:41','启用',NULL),(183,'tandaly42','42123','2013-07-03 12:10:41','启用',NULL),(184,'tandaly43','43123','2013-07-03 12:10:41','启用',NULL),(185,'tandaly44','44123','2013-07-03 12:10:42','启用',NULL),(186,'tandaly45','45123','2013-07-03 12:10:42','启用',NULL),(187,'tandaly46','46123','2013-07-03 12:10:42','启用',NULL),(188,'tandaly47','47123','2013-07-03 12:10:42','启用',NULL),(189,'tandaly48','48123','2013-07-03 12:10:42','启用',NULL),(190,'tandaly49','49123','2013-07-03 12:10:42','启用',NULL),(191,'tandaly50','50123','2013-07-03 12:10:42','启用',NULL),(192,'tandaly51','51123','2013-07-03 12:10:42','启用',NULL),(193,'tandaly52','52123','2013-07-03 12:10:42','启用',NULL),(194,'tandaly53','53123','2013-07-03 12:10:42','启用',NULL),(195,'tandaly54','54123','2013-07-03 12:10:42','启用',NULL),(196,'tandaly55','55123','2013-07-03 12:10:42','启用',NULL),(197,'tandaly56','56123','2013-07-03 12:10:42','启用',NULL),(198,'tandaly57','57123','2013-07-03 12:10:42','启用',NULL),(199,'tandaly58','58123','2013-07-03 12:10:42','启用',NULL),(200,'tandaly59','59123','2013-07-03 12:10:42','启用',NULL),(201,'tandaly60','60123','2013-07-03 12:10:42','启用',NULL),(202,'tandaly61','61123','2013-07-03 12:10:42','启用',NULL),(203,'tandaly62','62123','2013-07-03 12:10:42','启用',NULL),(204,'tandaly63','63123','2013-07-03 12:10:42','启用',NULL),(205,'tandaly64','64123','2013-07-03 12:10:42','启用',NULL),(206,'tandaly65','65123','2013-07-03 12:10:42','启用',NULL),(207,'tandaly66','66123','2013-07-03 12:10:42','启用',NULL),(208,'tandaly67','67123','2013-07-03 12:10:42','启用',NULL),(209,'tandaly68','68123','2013-07-03 12:10:42','启用',NULL),(210,'tandaly69','69123','2013-07-03 12:10:42','启用',NULL),(211,'tandaly70','70123','2013-07-03 12:10:42','启用',NULL),(212,'tandaly71','71123','2013-07-03 12:10:42','启用',NULL),(213,'tandaly72','72123','2013-07-03 12:10:43','启用',NULL),(214,'tandaly73','73123','2013-07-03 12:10:43','启用',NULL),(215,'tandaly74','74123','2013-07-03 12:10:43','启用',NULL),(216,'tandaly75','75123','2013-07-03 12:10:43','启用',NULL),(217,'tandaly76','76123','2013-07-03 12:10:43','启用',NULL),(218,'tandaly77','77123','2013-07-03 12:10:43','启用',NULL),(219,'tandaly78','78123','2013-07-03 12:10:43','启用',NULL),(220,'tandaly79','79123','2013-07-03 12:10:43','启用',NULL),(221,'tandaly80','80123','2013-07-03 12:10:43','启用',NULL),(222,'tandaly81','81123','2013-07-03 12:10:43','启用',NULL),(223,'tandaly82','82123','2013-07-03 12:10:43','启用',NULL),(224,'tandaly83','83123','2013-07-03 12:10:43','启用',NULL),(225,'tandaly84','84123','2013-07-03 12:10:43','启用',NULL),(226,'tandaly85','85123','2013-07-03 12:10:43','启用',NULL),(227,'tandaly86','86123','2013-07-03 12:10:43','启用',NULL),(228,'tandaly87','87123','2013-07-03 12:10:43','启用',NULL),(229,'tandaly88','88123','2013-07-03 12:10:43','启用',NULL),(230,'tandaly89','89123','2013-07-03 12:10:43','启用',NULL),(231,'tandaly90','90123','2013-07-03 12:10:43','启用',NULL),(232,'tandaly91','91123','2013-07-03 12:10:43','启用',NULL),(233,'tandaly92','92123','2013-07-03 12:10:43','启用',NULL),(234,'tandaly93','93123','2013-07-03 12:10:43','启用',NULL),(235,'tandaly94','94123','2013-07-03 12:10:43','启用',NULL),(236,'tandaly95','95123','2013-07-03 12:10:44','启用',NULL),(237,'tandaly96','96123','2013-07-03 12:10:44','启用',NULL),(238,'tandaly97','97123','2013-07-03 12:10:44','启用',NULL),(239,'tandaly98','98123','2013-07-03 12:10:44','禁用',NULL),(240,'tandaly99','123456','2013-07-03 12:10:44','禁用','禁用哦'),(241,'tandaly','123456','2013-07-04 15:08:20','启用','tandaly account');
/*!40000 ALTER TABLE `t_sys_user` ENABLE KEYS */;
UNLOCK TABLES;

--
-- Table structure for table `t_sys_user_role`
--

DROP TABLE IF EXISTS `t_sys_user_role`;
SET @saved_cs_client     = @@character_set_client;
SET character_set_client = utf8;
CREATE TABLE `t_sys_user_role` (
  `userId` bigint(20) NOT NULL COMMENT '用户id',
  `roleId` bigint(20) NOT NULL COMMENT '角色id',
  PRIMARY KEY  (`userId`,`roleId`),
  KEY `FKEEC648EDFB1983EC` (`roleId`),
  KEY `FKEEC648EDA04447CC` (`userId`)
) ENGINE=InnoDB DEFAULT CHARSET=utf8 COMMENT='用户角色表';
SET character_set_client = @saved_cs_client;

--
-- Dumping data for table `t_sys_user_role`
--

LOCK TABLES `t_sys_user_role` WRITE;
/*!40000 ALTER TABLE `t_sys_user_role` DISABLE KEYS */;
INSERT INTO `t_sys_user_role` VALUES (1,1),(2,2),(241,2),(3,8),(118,8),(138,8),(131,10),(140,10),(138,19);
/*!40000 ALTER TABLE `t_sys_user_role` ENABLE KEYS */;
UNLOCK TABLES;
/*!40103 SET TIME_ZONE=@OLD_TIME_ZONE */;

/*!40101 SET SQL_MODE=@OLD_SQL_MODE */;
/*!40014 SET FOREIGN_KEY_CHECKS=@OLD_FOREIGN_KEY_CHECKS */;
/*!40014 SET UNIQUE_CHECKS=@OLD_UNIQUE_CHECKS */;
/*!40101 SET CHARACTER_SET_CLIENT=@OLD_CHARACTER_SET_CLIENT */;
/*!40101 SET CHARACTER_SET_RESULTS=@OLD_CHARACTER_SET_RESULTS */;
/*!40101 SET COLLATION_CONNECTION=@OLD_COLLATION_CONNECTION */;
/*!40111 SET SQL_NOTES=@OLD_SQL_NOTES */;

-- Dump completed on 2013-07-15  9:56:56
